instance_id,1_outcome,1_patterns,1_step,1_cost,2_outcome,2_patterns,2_step,2_cost,3_outcome,3_patterns,3_step,3_cost
astropy__astropy-12907,resolved,oscillation_self_loop,10,0.008698,resolved,oscillation_self_loop,10,0.008698,resolved,"oscillation_self_loop,plan_compliance",14,0.015505
astropy__astropy-13033,unresolved,,14,0.010881,unresolved,,14,0.010881,unresolved,,9,0.005474
astropy__astropy-13236,unresolved,"oscillation_self_loop,plan_compliance",9,0.009276,unresolved,"oscillation_self_loop,plan_compliance",9,0.009276,unresolved,"oscillation_self_loop,plan_compliance",10,0.015090
astropy__astropy-13398,unresolved,"dwell_L_navigate,oscillation_self_loop,plan_compliance",14,0.019142,unresolved,"dwell_L_navigate,oscillation_self_loop,plan_compliance",14,0.019142,unresolved,"oscillation_self_loop,plan_compliance",13,0.016110
astropy__astropy-13453,unresolved,"dwell_L_navigate,oscillation_self_loop,repeated_view",73,0.314893,unresolved,"dwell_L_navigate,oscillation_self_loop,repeated_view",73,0.314893,unresolved,"oscillation_self_loop,plan_compliance",12,0.016676
astropy__astropy-13579,resolved,"dwell_L_reproduce,oscillation_self_loop",34,0.064470,unresolved,"dwell_L_reproduce,oscillation_self_loop",34,0.064470,unresolved,"dwell_L_reproduce,dwell_V,oscillation_self_loop,repeated_view",83,0.302202
astropy__astropy-13977,unresolved,,13,0.015342,unresolved,,13,0.015342,unresolved,dwell_L_navigate,20,0.022772
astropy__astropy-14096,resolved,"oscillation_self_loop,plan_compliance",7,0.007307,resolved,"oscillation_self_loop,plan_compliance",7,0.007307,resolved,oscillation_self_loop,10,0.009010
astropy__astropy-14182,unresolved,,24,0.026162,unresolved,,24,0.026162,unresolved,"oscillation_self_loop,plan_compliance",7,0.004567
astropy__astropy-14309,resolved,oscillation_self_loop,11,0.008816,resolved,oscillation_self_loop,11,0.008816,resolved,,12,0.008761
astropy__astropy-14365,unresolved,,12,0.011417,unresolved,,12,0.011417,unresolved,plan_compliance,11,0.009011
astropy__astropy-14369,unresolved,,18,0.033270,unresolved,,18,0.033270,unresolved,,16,0.026377
astropy__astropy-14508,unresolved,oscillation_self_loop,12,0.013676,unresolved,oscillation_self_loop,12,0.013676,unresolved,oscillation_self_loop,14,0.017911
astropy__astropy-14539,resolved,,12,0.008078,resolved,,12,0.008078,resolved,,16,0.026213
astropy__astropy-14598,unresolved,repeated_view,80,0.222414,unresolved,repeated_view,80,0.222414,unresolved,,52,0.094060
astropy__astropy-14995,resolved,"oscillation_self_loop,repeated_view",16,0.027686,resolved,"oscillation_self_loop,repeated_view",16,0.027686,resolved,,18,0.020830
astropy__astropy-7166,resolved,"dwell_L_navigate,oscillation_self_loop,plan_compliance",15,0.035687,resolved,"dwell_L_navigate,oscillation_self_loop,plan_compliance",15,0.035687,resolved,"oscillation_self_loop,plan_compliance",10,0.015855
astropy__astropy-7336,resolved,plan_compliance,11,0.007416,resolved,plan_compliance,11,0.007416,resolved,plan_compliance,9,0.005682
astropy__astropy-7606,unresolved,,17,0.024274,unresolved,,17,0.024274,unresolved,plan_compliance,10,0.009358
astropy__astropy-7671,resolved,oscillation_self_loop,23,0.032661,unresolved,oscillation_self_loop,23,0.032661,resolved,,12,0.011412
astropy__astropy-8707,unresolved,,19,0.034146,unresolved,,19,0.034146,unresolved,,15,0.018308
astropy__astropy-8872,unresolved,,66,0.163070,unresolved,,66,0.163070,unresolved,,15,0.018108
django__django-10097,resolved,"dwell_L_navigate,dwell_L_reproduce,oscillation_self_loop,repeated_view",45,0.039379,resolved,"dwell_L_navigate,dwell_L_reproduce,oscillation_self_loop,repeated_view",45,0.039379,unresolved,"dwell_L_navigate,oscillation_max_repeats,oscillation_self_loop,oscillation_two_plus_node,plan_compliance,repeated_view",428,0.997939
django__django-10554,unresolved,dwell_L_navigate,32,0.062343,unresolved,dwell_L_navigate,32,0.062343,unresolved,"dwell_L_reproduce,oscillation_self_loop",23,0.041763
django__django-10880,resolved,"oscillation_self_loop,plan_compliance",6,0.004728,resolved,"oscillation_self_loop,plan_compliance",6,0.004728,unresolved,,14,0.012863
django__django-10914,unresolved,"oscillation_self_loop,plan_compliance",6,0.006050,resolved,"oscillation_self_loop,plan_compliance",6,0.006050,resolved,"oscillation_self_loop,plan_compliance",11,0.012584
django__django-10973,resolved,"oscillation_self_loop,plan_compliance,repeated_view",11,0.008545,resolved,"oscillation_self_loop,plan_compliance,repeated_view",11,0.008545,resolved,"dwell_L_navigate,oscillation_self_loop,plan_compliance,repeated_view",12,0.008955
django__django-10999,unresolved,"oscillation_self_loop,plan_compliance",5,0.002776,unresolved,"oscillation_self_loop,plan_compliance",5,0.002776,unresolved,,9,0.007991
django__django-11066,resolved,"oscillation_self_loop,plan_compliance",6,0.003049,resolved,"oscillation_self_loop,plan_compliance",6,0.003049,resolved,"oscillation_self_loop,plan_compliance",5,0.002692
django__django-11087,unresolved,plan_compliance,13,0.014046,unresolved,plan_compliance,13,0.014046,unresolved,"oscillation_self_loop,plan_compliance",11,0.014203
django__django-11095,resolved,"oscillation_self_loop,plan_compliance",9,0.009427,resolved,"oscillation_self_loop,plan_compliance",9,0.009427,resolved,"oscillation_self_loop,plan_compliance",8,0.008959
django__django-11099,resolved,"oscillation_self_loop,plan_compliance",11,0.006972,resolved,"oscillation_self_loop,plan_compliance",11,0.006972,resolved,,13,0.005919
django__django-11119,resolved,"oscillation_self_loop,plan_compliance",9,0.009253,resolved,"oscillation_self_loop,plan_compliance",9,0.009253,resolved,"oscillation_self_loop,plan_compliance",8,0.005841
django__django-11133,resolved,"oscillation_self_loop,repeated_view",24,0.036334,resolved,"oscillation_self_loop,repeated_view",24,0.036334,resolved,,17,0.020704
django__django-11138,unresolved,"oscillation_self_loop,plan_compliance",5,0.004688,unresolved,"oscillation_self_loop,plan_compliance",5,0.004688,unresolved,plan_compliance,15,0.046004
django__django-11141,unresolved,"oscillation_self_loop,plan_compliance",7,0.007035,unresolved,"oscillation_self_loop,plan_compliance",7,0.007035,unresolved,"oscillation_self_loop,plan_compliance",8,0.008383
django__django-11149,unresolved,"oscillation_self_loop,plan_compliance,repeated_view",9,0.003648,unresolved,"oscillation_self_loop,plan_compliance,repeated_view",9,0.003648,unresolved,"dwell_L_navigate,oscillation_self_loop,plan_compliance",13,0.016181
django__django-11163,resolved,"oscillation_self_loop,plan_compliance",7,0.005402,resolved,"oscillation_self_loop,plan_compliance",7,0.005402,resolved,"dwell_L_navigate,oscillation_self_loop,plan_compliance",13,0.019438
django__django-11179,resolved,"oscillation_self_loop,plan_compliance",6,0.004072,resolved,"oscillation_self_loop,plan_compliance",6,0.004072,resolved,dwell_L_reproduce,19,0.019070
django__django-11206,resolved,,18,0.016029,unresolved,,18,0.016029,unresolved,"dwell_V,oscillation_self_loop",20,0.025279
django__django-11211,unresolved,"oscillation_self_loop,plan_compliance",7,0.004891,unresolved,"oscillation_self_loop,plan_compliance",7,0.004891,resolved,"dwell_V,oscillation_self_loop",46,0.114378
django__django-11239,unresolved,"oscillation_self_loop,plan_compliance",8,0.006261,resolved,"oscillation_self_loop,plan_compliance",8,0.006261,unresolved,"oscillation_self_loop,plan_compliance",6,0.002943
django__django-11265,unresolved,"oscillation_self_loop,plan_compliance",7,0.007690,unresolved,"oscillation_self_loop,plan_compliance",7,0.007690,unresolved,"dwell_V,oscillation_self_loop",57,0.127852
django__django-11276,unresolved,,17,0.020137,resolved,,17,0.020137,unresolved,"oscillation_self_loop,plan_compliance",7,0.006597
django__django-11292,unresolved,"oscillation_self_loop,plan_compliance",11,0.011132,resolved,"oscillation_self_loop,plan_compliance",11,0.011132,unresolved,"oscillation_self_loop,plan_compliance",11,0.012163
django__django-11299,unresolved,"dwell_L_reproduce,oscillation_self_loop,plan_compliance",23,0.032737,unresolved,"dwell_L_reproduce,oscillation_self_loop,plan_compliance",23,0.032737,unresolved,"oscillation_self_loop,plan_compliance,repeated_view",20,0.035636
django__django-11333,unresolved,,28,0.032875,unresolved,,28,0.032875,unresolved,"oscillation_self_loop,plan_compliance",8,0.007522
django__django-11400,unresolved,"oscillation_self_loop,plan_compliance",12,0.007916,unresolved,"oscillation_self_loop,plan_compliance",12,0.007916,unresolved,"oscillation_self_loop,plan_compliance",9,0.006103
django__django-11433,unresolved,dwell_L_reproduce,19,0.020231,unresolved,dwell_L_reproduce,19,0.020231,unresolved,"oscillation_self_loop,plan_compliance",10,0.009169
django__django-11451,unresolved,"oscillation_self_loop,plan_compliance",7,0.006573,unresolved,"oscillation_self_loop,plan_compliance",7,0.006573,unresolved,"oscillation_self_loop,plan_compliance",6,0.003964
django__django-11477,unresolved,"oscillation_self_loop,plan_compliance,repeated_view",12,0.013152,unresolved,"oscillation_self_loop,plan_compliance,repeated_view",12,0.013152,unresolved,"oscillation_self_loop,plan_compliance",6,0.003160
django__django-11490,unresolved,dwell_V,22,0.022159,unresolved,dwell_V,22,0.022159,unresolved,,24,0.028651
django__django-11532,unresolved,"oscillation_self_loop,plan_compliance",7,0.003104,unresolved,"oscillation_self_loop,plan_compliance",7,0.003104,unresolved,,18,0.017675
django__django-11551,unresolved,,0,0.000000,resolved,,0,0.000000,resolved,"oscillation_self_loop,plan_compliance",7,0.007824
django__django-11555,unresolved,"dwell_L_navigate,oscillation_self_loop,plan_compliance,repeated_view",12,0.021107,unresolved,"dwell_L_navigate,oscillation_self_loop,plan_compliance,repeated_view",12,0.021107,unresolved,"dwell_L_navigate,oscillation_self_loop,plan_compliance",13,0.016502
django__django-11603,resolved,"oscillation_self_loop,plan_compliance",8,0.006829,resolved,"oscillation_self_loop,plan_compliance",8,0.006829,resolved,"oscillation_self_loop,plan_compliance",12,0.011105
django__django-11728,unresolved,dwell_L_navigate,17,0.026573,unresolved,dwell_L_navigate,17,0.026573,unresolved,,28,0.039218
django__django-11734,unresolved,dwell_L_reproduce,30,0.063614,unresolved,dwell_L_reproduce,30,0.063614,unresolved,"oscillation_self_loop,plan_compliance",10,0.016426
django__django-11740,unresolved,"oscillation_self_loop,plan_compliance,repeated_view",9,0.006263,unresolved,"oscillation_self_loop,plan_compliance,repeated_view",9,0.006263,unresolved,"dwell_L_navigate,dwell_V,oscillation_self_loop,repeated_view",59,0.304784
django__django-11749,unresolved,"oscillation_self_loop,plan_compliance",7,0.004216,resolved,"oscillation_self_loop,plan_compliance",7,0.004216,resolved,dwell_L_navigate,17,0.023129
django__django-11790,unresolved,"oscillation_self_loop,plan_compliance",6,0.004473,unresolved,"oscillation_self_loop,plan_compliance",6,0.004473,unresolved,"oscillation_self_loop,plan_compliance",7,0.005520
django__django-11815,resolved,"oscillation_self_loop,plan_compliance",10,0.015047,resolved,"oscillation_self_loop,plan_compliance",10,0.015047,resolved,plan_compliance,25,0.037394
django__django-11820,unresolved,"oscillation_self_loop,plan_compliance",9,0.012174,unresolved,"oscillation_self_loop,plan_compliance",9,0.012174,unresolved,"dwell_L_navigate,oscillation_self_loop",22,0.076228
django__django-11848,unresolved,,25,0.024476,resolved,,25,0.024476,resolved,oscillation_self_loop,27,0.037239
django__django-11880,resolved,"oscillation_self_loop,plan_compliance",5,0.004555,resolved,"oscillation_self_loop,plan_compliance",5,0.004555,resolved,,10,0.009197
django__django-11885,unresolved,"oscillation_self_loop,plan_compliance",6,0.006563,unresolved,"oscillation_self_loop,plan_compliance",6,0.006563,unresolved,"dwell_V,oscillation_self_loop,repeated_view",77,0.251227
django__django-11951,unresolved,"oscillation_self_loop,plan_compliance",9,0.009750,resolved,"oscillation_self_loop,plan_compliance",9,0.009750,unresolved,"oscillation_self_loop,plan_compliance",8,0.010212
django__django-11964,resolved,"oscillation_self_loop,plan_compliance",8,0.005989,unresolved,"oscillation_self_loop,plan_compliance",8,0.005989,resolved,"oscillation_self_loop,plan_compliance",8,0.007212
django__django-11999,unresolved,"oscillation_self_loop,plan_compliance",8,0.007081,unresolved,"oscillation_self_loop,plan_compliance",8,0.007081,resolved,dwell_V,28,0.041892
django__django-12039,unresolved,"oscillation_self_loop,plan_compliance",5,0.003153,unresolved,"oscillation_self_loop,plan_compliance",5,0.003153,unresolved,"oscillation_self_loop,plan_compliance",5,0.003345
django__django-12050,resolved,dwell_V,16,0.023232,resolved,dwell_V,16,0.023232,resolved,,13,0.018322
django__django-12125,unresolved,oscillation_self_loop,59,0.138165,unresolved,oscillation_self_loop,59,0.138165,unresolved,plan_compliance,49,0.079134
django__django-12143,unresolved,,7,0.005978,unresolved,,7,0.005978,resolved,"oscillation_self_loop,plan_compliance",10,0.009155
django__django-12155,resolved,dwell_L_navigate,22,0.042274,resolved,dwell_L_navigate,22,0.042274,resolved,"dwell_L_navigate,oscillation_self_loop,plan_compliance,repeated_view",18,0.041077
django__django-12193,resolved,dwell_V,27,0.057410,resolved,dwell_V,27,0.057410,resolved,"dwell_V,oscillation_self_loop",27,0.042839
django__django-12209,resolved,"dwell_L_reproduce,oscillation_self_loop",17,0.024318,unresolved,"dwell_L_reproduce,oscillation_self_loop",17,0.024318,unresolved,"dwell_L_reproduce,repeated_view",43,0.079062
django__django-12262,resolved,"oscillation_self_loop,plan_compliance",10,0.009514,unresolved,"oscillation_self_loop,plan_compliance",10,0.009514,resolved,,26,0.044008
django__django-12273,unresolved,"oscillation_self_loop,plan_compliance,repeated_view",23,0.101539,unresolved,"oscillation_self_loop,plan_compliance,repeated_view",23,0.101539,unresolved,"oscillation_self_loop,plan_compliance",11,0.014077
django__django-12276,unresolved,"oscillation_self_loop,plan_compliance",6,0.002119,resolved,"oscillation_self_loop,plan_compliance",6,0.002119,resolved,"oscillation_self_loop,plan_compliance",9,0.009561
django__django-12304,unresolved,"oscillation_self_loop,plan_compliance",8,0.006263,unresolved,"oscillation_self_loop,plan_compliance",8,0.006263,unresolved,,21,0.023673
django__django-12308,unresolved,"oscillation_self_loop,plan_compliance",9,0.005534,unresolved,"oscillation_self_loop,plan_compliance",9,0.005534,unresolved,"oscillation_self_loop,plan_compliance",6,0.003252
django__django-12325,unresolved,"dwell_V,oscillation_self_loop,repeated_view",63,0.189265,unresolved,"dwell_V,oscillation_self_loop,repeated_view",63,0.189265,unresolved,"plan_compliance,repeated_view",26,0.016196
django__django-12406,unresolved,dwell_L_reproduce,35,0.054086,unresolved,dwell_L_reproduce,35,0.054086,unresolved,oscillation_self_loop,27,0.063608
django__django-12419,resolved,"oscillation_self_loop,plan_compliance",11,0.014638,resolved,"oscillation_self_loop,plan_compliance",11,0.014638,resolved,"oscillation_self_loop,plan_compliance",17,0.030733
django__django-12663,unresolved,"dwell_V,plan_compliance",27,0.049500,unresolved,"dwell_V,plan_compliance",27,0.049500,unresolved,"oscillation_self_loop,plan_compliance",8,0.011310
django__django-12708,unresolved,"oscillation_self_loop,plan_compliance",8,0.007822,resolved,"oscillation_self_loop,plan_compliance",8,0.007822,resolved,"oscillation_self_loop,plan_compliance",12,0.013896
django__django-12713,resolved,"oscillation_self_loop,plan_compliance",9,0.011437,resolved,"oscillation_self_loop,plan_compliance",9,0.011437,resolved,"oscillation_self_loop,plan_compliance",8,0.010332
django__django-12741,unresolved,"oscillation_self_loop,plan_compliance",9,0.009363,unresolved,"oscillation_self_loop,plan_compliance",9,0.009363,unresolved,"oscillation_self_loop,plan_compliance",8,0.005957
django__django-12754,unresolved,,42,0.083777,unresolved,,42,0.083777,unresolved,"dwell_L_reproduce,plan_compliance",20,0.019827
django__django-12774,unresolved,oscillation_self_loop,48,0.081659,unresolved,oscillation_self_loop,48,0.081659,unresolved,dwell_V,27,0.038327
django__django-12858,unresolved,"oscillation_self_loop,plan_compliance",11,0.008485,resolved,"oscillation_self_loop,plan_compliance",11,0.008485,unresolved,"dwell_L_navigate,oscillation_self_loop,plan_compliance,repeated_view",29,0.055474
django__django-12965,unresolved,plan_compliance,14,0.020158,unresolved,plan_compliance,14,0.020158,unresolved,"oscillation_self_loop,plan_compliance",10,0.015641
django__django-13012,resolved,"oscillation_self_loop,plan_compliance",9,0.012099,unresolved,"oscillation_self_loop,plan_compliance",9,0.012099,unresolved,"dwell_V,oscillation_self_loop,repeated_view",57,0.125740
django__django-13023,unresolved,"oscillation_self_loop,plan_compliance",7,0.006098,unresolved,"oscillation_self_loop,plan_compliance",7,0.006098,unresolved,"oscillation_self_loop,plan_compliance",9,0.009766
django__django-13028,resolved,"dwell_L_navigate,oscillation_self_loop,plan_compliance",11,0.014252,unresolved,"dwell_L_navigate,oscillation_self_loop,plan_compliance",11,0.014252,unresolved,"oscillation_self_loop,plan_compliance",9,0.010432
django__django-13033,unresolved,"dwell_L_navigate,plan_compliance",21,0.040347,unresolved,"dwell_L_navigate,plan_compliance",21,0.040347,unresolved,oscillation_self_loop,43,0.141301
django__django-13089,resolved,"oscillation_self_loop,plan_compliance",5,0.003945,resolved,"oscillation_self_loop,plan_compliance",5,0.003945,resolved,"oscillation_self_loop,plan_compliance",5,0.003684
django__django-13109,resolved,"oscillation_self_loop,plan_compliance",8,0.007415,resolved,"oscillation_self_loop,plan_compliance",8,0.007415,resolved,"oscillation_self_loop,plan_compliance",7,0.006441
django__django-13112,unresolved,"dwell_L_navigate,repeated_view",17,0.055763,unresolved,"dwell_L_navigate,repeated_view",17,0.055763,unresolved,"dwell_L_navigate,oscillation_self_loop,plan_compliance,repeated_view",20,0.046002
django__django-13121,unresolved,"dwell_V,oscillation_self_loop",16,0.016443,unresolved,"dwell_V,oscillation_self_loop",16,0.016443,unresolved,,11,0.010323
django__django-13128,unresolved,"dwell_V,plan_compliance",19,0.036316,unresolved,"dwell_V,plan_compliance",19,0.036316,unresolved,"dwell_L_navigate,oscillation_self_loop,plan_compliance",14,0.026317
django__django-13158,unresolved,dwell_L_reproduce,45,0.115865,unresolved,dwell_L_reproduce,45,0.115865,unresolved,"dwell_L_reproduce,dwell_V,oscillation_self_loop",47,0.107383
django__django-13195,unresolved,,13,0.016963,unresolved,,13,0.016963,unresolved,"oscillation_self_loop,plan_compliance",7,0.006081
django__django-13212,unresolved,,6,0.005952,unresolved,,6,0.005952,unresolved,"oscillation_self_loop,plan_compliance",20,0.025774
django__django-13279,unresolved,"oscillation_self_loop,plan_compliance",8,0.007252,resolved,"oscillation_self_loop,plan_compliance",8,0.007252,unresolved,"oscillation_self_loop,plan_compliance",7,0.007816
django__django-13297,unresolved,"oscillation_self_loop,plan_compliance",11,0.017020,unresolved,"oscillation_self_loop,plan_compliance",11,0.017020,unresolved,"oscillation_self_loop,plan_compliance",9,0.007866
django__django-13315,unresolved,dwell_L_reproduce,40,0.093417,unresolved,dwell_L_reproduce,40,0.093417,unresolved,"oscillation_self_loop,plan_compliance",8,0.009146
django__django-13343,resolved,"oscillation_self_loop,plan_compliance",13,0.010781,unresolved,"oscillation_self_loop,plan_compliance",13,0.010781,unresolved,"oscillation_self_loop,plan_compliance",9,0.009069
django__django-13344,unresolved,"dwell_V,plan_compliance",20,0.033202,unresolved,"dwell_V,plan_compliance",20,0.033202,unresolved,"dwell_V,oscillation_self_loop",20,0.026623
django__django-13346,unresolved,"oscillation_self_loop,plan_compliance",9,0.013399,unresolved,"oscillation_self_loop,plan_compliance",9,0.013399,unresolved,"oscillation_self_loop,plan_compliance",7,0.006673
django__django-13363,resolved,"oscillation_self_loop,plan_compliance",7,0.005999,resolved,"oscillation_self_loop,plan_compliance",7,0.005999,unresolved,"oscillation_self_loop,plan_compliance",7,0.005908
django__django-13401,resolved,"oscillation_self_loop,plan_compliance",7,0.006407,resolved,"oscillation_self_loop,plan_compliance",7,0.006407,resolved,,14,0.014631
django__django-13406,unresolved,dwell_V,56,0.122895,unresolved,dwell_V,56,0.122895,unresolved,"dwell_L_reproduce,dwell_V,plan_compliance",57,0.122746
django__django-13410,resolved,,9,0.005084,resolved,,9,0.005084,resolved,"oscillation_self_loop,plan_compliance",7,0.003551
django__django-13417,resolved,"dwell_V,oscillation_self_loop",20,0.031888,resolved,"dwell_V,oscillation_self_loop",20,0.031888,resolved,"dwell_V,repeated_view",19,0.039249
django__django-13449,unresolved,"oscillation_self_loop,plan_compliance,repeated_view",11,0.020223,resolved,"oscillation_self_loop,plan_compliance,repeated_view",11,0.020223,unresolved,"dwell_L_reproduce,oscillation_self_loop,plan_compliance",25,0.037640
django__django-13512,unresolved,,3,0.000840,resolved,,3,0.000840,unresolved,dwell_L_navigate,29,0.068863
django__django-13513,unresolved,"dwell_L_reproduce,oscillation_self_loop,plan_compliance",20,0.017451,unresolved,"dwell_L_reproduce,oscillation_self_loop,plan_compliance",20,0.017451,unresolved,"dwell_L_reproduce,plan_compliance",12,0.007492
django__django-13516,resolved,,11,0.012380,resolved,,11,0.012380,resolved,"oscillation_self_loop,plan_compliance",7,0.006863
django__django-13551,resolved,"oscillation_self_loop,plan_compliance",7,0.005939,unresolved,"oscillation_self_loop,plan_compliance",7,0.005939,unresolved,"oscillation_self_loop,plan_compliance",8,0.008030
django__django-13568,unresolved,"dwell_V,oscillation_self_loop",26,0.030849,unresolved,"dwell_V,oscillation_self_loop",26,0.030849,unresolved,"oscillation_self_loop,plan_compliance",5,0.003407
django__django-13569,resolved,dwell_L_reproduce,21,0.017991,resolved,dwell_L_reproduce,21,0.017991,unresolved,,11,0.012415
django__django-13590,resolved,"oscillation_self_loop,plan_compliance",7,0.006218,resolved,"oscillation_self_loop,plan_compliance",7,0.006218,unresolved,"oscillation_self_loop,plan_compliance",7,0.006482
django__django-13658,resolved,,18,0.017757,resolved,,18,0.017757,resolved,"oscillation_self_loop,plan_compliance,repeated_view",8,0.006777
django__django-13670,resolved,"oscillation_self_loop,plan_compliance",8,0.008422,resolved,"oscillation_self_loop,plan_compliance",8,0.008422,resolved,"dwell_L_reproduce,oscillation_self_loop",16,0.014536
django__django-13741,resolved,"oscillation_self_loop,plan_compliance",9,0.005871,resolved,"oscillation_self_loop,plan_compliance",9,0.005871,resolved,"oscillation_self_loop,plan_compliance",9,0.006711
django__django-13786,unresolved,"oscillation_self_loop,plan_compliance",6,0.005222,unresolved,"oscillation_self_loop,plan_compliance",6,0.005222,unresolved,"oscillation_self_loop,plan_compliance",13,0.013388
django__django-13794,unresolved,"oscillation_self_loop,plan_compliance",8,0.007546,unresolved,"oscillation_self_loop,plan_compliance",8,0.007546,unresolved,"oscillation_self_loop,plan_compliance",9,0.012780
django__django-13807,unresolved,"oscillation_self_loop,plan_compliance",10,0.006846,unresolved,"oscillation_self_loop,plan_compliance",10,0.006846,unresolved,,11,0.004810
django__django-13809,resolved,"oscillation_self_loop,plan_compliance",8,0.007153,resolved,"oscillation_self_loop,plan_compliance",8,0.007153,resolved,"oscillation_self_loop,plan_compliance",9,0.008534
django__django-13810,resolved,"oscillation_self_loop,plan_compliance",5,0.004344,unresolved,"oscillation_self_loop,plan_compliance",5,0.004344,resolved,"oscillation_self_loop,plan_compliance",6,0.005385
django__django-13820,resolved,"oscillation_self_loop,plan_compliance",7,0.004302,resolved,"oscillation_self_loop,plan_compliance",7,0.004302,resolved,"oscillation_self_loop,plan_compliance",7,0.004023
django__django-13821,resolved,"oscillation_self_loop,plan_compliance",10,0.011153,resolved,"oscillation_self_loop,plan_compliance",10,0.011153,resolved,"oscillation_self_loop,plan_compliance",12,0.016975
django__django-13837,unresolved,"oscillation_self_loop,plan_compliance",19,0.019186,resolved,"oscillation_self_loop,plan_compliance",19,0.019186,resolved,"oscillation_self_loop,plan_compliance",7,0.005922
django__django-13925,unresolved,"oscillation_self_loop,plan_compliance",9,0.010245,resolved,"oscillation_self_loop,plan_compliance",9,0.010245,unresolved,"dwell_L_navigate,oscillation_self_loop,plan_compliance,repeated_view",15,0.030174
django__django-13933,resolved,"oscillation_self_loop,plan_compliance",8,0.009180,resolved,"oscillation_self_loop,plan_compliance",8,0.009180,unresolved,"oscillation_self_loop,plan_compliance",10,0.011282
django__django-13964,unresolved,,0,0.000000,unresolved,,0,0.000000,unresolved,"dwell_V,oscillation_self_loop,repeated_view",45,0.131549
django__django-14007,unresolved,"dwell_L_navigate,dwell_L_reproduce",63,0.198754,resolved,"dwell_L_navigate,dwell_L_reproduce",63,0.198754,unresolved,"dwell_L_navigate,oscillation_self_loop,plan_compliance",19,0.035950
django__django-14011,unresolved,"dwell_L_reproduce,oscillation_self_loop,plan_compliance",12,0.024002,unresolved,"dwell_L_reproduce,oscillation_self_loop,plan_compliance",12,0.024002,unresolved,"oscillation_self_loop,plan_compliance",11,0.018703
django__django-14017,unresolved,"oscillation_self_loop,repeated_view",32,0.057145,unresolved,"oscillation_self_loop,repeated_view",32,0.057145,unresolved,"oscillation_self_loop,plan_compliance",8,0.009504
django__django-14034,unresolved,oscillation_self_loop,17,0.026806,unresolved,oscillation_self_loop,17,0.026806,unresolved,,28,0.057596
django__django-14053,resolved,"oscillation_self_loop,plan_compliance",8,0.007563,unresolved,"oscillation_self_loop,plan_compliance",8,0.007563,resolved,"oscillation_self_loop,plan_compliance",8,0.007535
django__django-14089,resolved,,11,0.011597,resolved,,11,0.011597,resolved,oscillation_self_loop,10,0.010316
django__django-14122,unresolved,"oscillation_self_loop,plan_compliance",7,0.008219,unresolved,"oscillation_self_loop,plan_compliance",7,0.008219,unresolved,"oscillation_self_loop,plan_compliance",7,0.006699
django__django-14140,unresolved,,14,0.013354,unresolved,,14,0.013354,unresolved,,14,0.017337
django__django-14155,unresolved,"oscillation_self_loop,plan_compliance",8,0.005770,unresolved,"oscillation_self_loop,plan_compliance",8,0.005770,unresolved,plan_compliance,16,0.019781
django__django-14170,unresolved,"oscillation_self_loop,plan_compliance",10,0.015225,unresolved,"oscillation_self_loop,plan_compliance",10,0.015225,unresolved,"dwell_V,plan_compliance",28,0.061849
django__django-14238,resolved,"oscillation_self_loop,plan_compliance",8,0.007719,resolved,"oscillation_self_loop,plan_compliance",8,0.007719,unresolved,"oscillation_self_loop,plan_compliance",12,0.025227
django__django-14311,unresolved,plan_compliance,8,0.007958,unresolved,plan_compliance,8,0.007958,unresolved,"oscillation_self_loop,plan_compliance",8,0.009057
django__django-14315,unresolved,"oscillation_self_loop,plan_compliance",6,0.002463,unresolved,"oscillation_self_loop,plan_compliance",6,0.002463,unresolved,"oscillation_self_loop,plan_compliance",7,0.005362
django__django-14349,unresolved,,12,0.016738,resolved,,12,0.016738,resolved,"oscillation_self_loop,plan_compliance",9,0.008744
django__django-14351,unresolved,"dwell_L_navigate,plan_compliance",18,0.030902,unresolved,"dwell_L_navigate,plan_compliance",18,0.030902,unresolved,"dwell_L_navigate,dwell_V,oscillation_self_loop,repeated_view",29,0.105428
django__django-14373,resolved,"oscillation_self_loop,plan_compliance",7,0.006699,resolved,"oscillation_self_loop,plan_compliance",7,0.006699,resolved,,12,0.013110
django__django-14376,unresolved,"oscillation_self_loop,plan_compliance",8,0.005988,unresolved,"oscillation_self_loop,plan_compliance",8,0.005988,unresolved,"oscillation_self_loop,plan_compliance",7,0.004824
django__django-14404,unresolved,"dwell_L_navigate,oscillation_self_loop,plan_compliance",13,0.015328,unresolved,"dwell_L_navigate,oscillation_self_loop,plan_compliance",13,0.015328,unresolved,"oscillation_self_loop,plan_compliance",17,0.025117
django__django-14434,resolved,"oscillation_self_loop,plan_compliance",10,0.012883,unresolved,"oscillation_self_loop,plan_compliance",10,0.012883,unresolved,"dwell_L_navigate,oscillation_self_loop,plan_compliance",17,0.022864
django__django-14493,resolved,,12,0.005893,resolved,,12,0.005893,resolved,"oscillation_self_loop,plan_compliance,repeated_view",10,0.006663
django__django-14500,resolved,"oscillation_self_loop,plan_compliance",9,0.005689,resolved,"oscillation_self_loop,plan_compliance",9,0.005689,unresolved,"oscillation_self_loop,plan_compliance",9,0.007008
django__django-14534,unresolved,plan_compliance,13,0.020160,unresolved,plan_compliance,13,0.020160,unresolved,plan_compliance,8,0.007655
django__django-14539,unresolved,oscillation_self_loop,14,0.020246,resolved,oscillation_self_loop,14,0.020246,resolved,oscillation_self_loop,17,0.024409
django__django-14559,resolved,"oscillation_self_loop,plan_compliance",8,0.008818,resolved,"oscillation_self_loop,plan_compliance",8,0.008818,resolved,plan_compliance,10,0.013467
django__django-14580,unresolved,,23,0.033061,unresolved,,23,0.033061,unresolved,"oscillation_self_loop,plan_compliance",5,0.003744
django__django-14608,unresolved,"oscillation_self_loop,plan_compliance",8,0.007979,unresolved,"oscillation_self_loop,plan_compliance",8,0.007979,unresolved,"dwell_L_navigate,oscillation_self_loop,plan_compliance,repeated_view",29,0.067330
django__django-14631,unresolved,"oscillation_self_loop,plan_compliance",15,0.020971,unresolved,"oscillation_self_loop,plan_compliance",15,0.020971,unresolved,"dwell_L_navigate,oscillation_self_loop,plan_compliance,repeated_view",22,0.037280
django__django-14672,resolved,"oscillation_self_loop,plan_compliance",6,0.006857,resolved,"oscillation_self_loop,plan_compliance",6,0.006857,resolved,"oscillation_self_loop,plan_compliance",6,0.006989
django__django-14725,unresolved,"dwell_P,oscillation_self_loop,plan_compliance",18,0.025247,unresolved,"dwell_P,oscillation_self_loop,plan_compliance",18,0.025247,unresolved,"dwell_P,oscillation_self_loop,plan_compliance",13,0.019750
django__django-14752,resolved,"oscillation_self_loop,plan_compliance",6,0.005237,resolved,"oscillation_self_loop,plan_compliance",6,0.005237,resolved,"oscillation_self_loop,plan_compliance",6,0.004781
django__django-14765,resolved,"oscillation_self_loop,plan_compliance",8,0.007315,resolved,"oscillation_self_loop,plan_compliance",8,0.007315,resolved,"oscillation_self_loop,plan_compliance",8,0.007709
django__django-14771,unresolved,"oscillation_self_loop,plan_compliance",8,0.006921,unresolved,"oscillation_self_loop,plan_compliance",8,0.006921,resolved,"oscillation_self_loop,plan_compliance",8,0.005375
django__django-14787,unresolved,,16,0.017692,resolved,,16,0.017692,resolved,,12,0.010417
django__django-14792,unresolved,"oscillation_self_loop,plan_compliance",7,0.007934,unresolved,"oscillation_self_loop,plan_compliance",7,0.007934,unresolved,"oscillation_self_loop,plan_compliance",7,0.006866
django__django-14855,resolved,"oscillation_self_loop,plan_compliance",8,0.007203,resolved,"oscillation_self_loop,plan_compliance",8,0.007203,resolved,"oscillation_self_loop,plan_compliance",7,0.006054
django__django-14915,unresolved,"oscillation_self_loop,plan_compliance",9,0.010375,unresolved,"oscillation_self_loop,plan_compliance",9,0.010375,resolved,"oscillation_self_loop,plan_compliance",7,0.007052
django__django-14999,unresolved,"oscillation_self_loop,plan_compliance",7,0.008595,unresolved,"oscillation_self_loop,plan_compliance",7,0.008595,resolved,"oscillation_self_loop,plan_compliance",8,0.009146
django__django-15022,unresolved,"dwell_V,oscillation_self_loop,repeated_view",29,0.067780,unresolved,"dwell_V,oscillation_self_loop,repeated_view",29,0.067780,unresolved,"oscillation_self_loop,plan_compliance",9,0.009825
django__django-15037,unresolved,"dwell_V,plan_compliance",47,0.117639,unresolved,"dwell_V,plan_compliance",47,0.117639,unresolved,"dwell_V,oscillation_self_loop,plan_compliance,repeated_view",33,0.088248
django__django-15098,unresolved,"dwell_L_reproduce,oscillation_self_loop,plan_compliance,repeated_view",26,0.021113,unresolved,"dwell_L_reproduce,oscillation_self_loop,plan_compliance,repeated_view",26,0.021113,unresolved,"oscillation_self_loop,plan_compliance",9,0.011263
django__django-15103,unresolved,"oscillation_self_loop,plan_compliance",8,0.008148,unresolved,"oscillation_self_loop,plan_compliance",8,0.008148,unresolved,"oscillation_self_loop,plan_compliance",8,0.008912
django__django-15104,resolved,"oscillation_self_loop,plan_compliance",7,0.005152,resolved,"oscillation_self_loop,plan_compliance",7,0.005152,resolved,,8,0.006343
django__django-15127,unresolved,,21,0.015448,unresolved,,21,0.015448,unresolved,"oscillation_self_loop,plan_compliance",10,0.007469
django__django-15128,unresolved,"oscillation_self_loop,repeated_view",46,0.116786,unresolved,"oscillation_self_loop,repeated_view",46,0.116786,unresolved,"dwell_V,oscillation_self_loop,repeated_view",39,0.080386
django__django-15161,unresolved,"dwell_L_navigate,oscillation_self_loop,plan_compliance",13,0.015987,unresolved,"dwell_L_navigate,oscillation_self_loop,plan_compliance",13,0.015987,unresolved,repeated_view,20,0.039250
django__django-15252,unresolved,"oscillation_self_loop,plan_compliance",6,0.003452,unresolved,"oscillation_self_loop,plan_compliance",6,0.003452,unresolved,plan_compliance,7,0.003970
django__django-15268,unresolved,"oscillation_self_loop,plan_compliance,repeated_view",11,0.013586,unresolved,"oscillation_self_loop,plan_compliance,repeated_view",11,0.013586,unresolved,"oscillation_self_loop,plan_compliance",13,0.017940
django__django-15277,resolved,"oscillation_self_loop,plan_compliance",9,0.010195,resolved,"oscillation_self_loop,plan_compliance",9,0.010195,resolved,"oscillation_self_loop,plan_compliance",7,0.006665
django__django-15278,unresolved,"dwell_V,oscillation_self_loop",25,0.037352,resolved,"dwell_V,oscillation_self_loop",25,0.037352,resolved,dwell_L_reproduce,32,0.045928
django__django-15280,unresolved,dwell_L_reproduce,50,0.117853,unresolved,dwell_L_reproduce,50,0.117853,unresolved,"dwell_L_navigate,oscillation_self_loop",18,0.039391
django__django-15315,resolved,"dwell_L_reproduce,oscillation_self_loop",19,0.026040,resolved,"dwell_L_reproduce,oscillation_self_loop",19,0.026040,resolved,"dwell_V,oscillation_self_loop",19,0.027725
django__django-15368,resolved,"oscillation_self_loop,plan_compliance",8,0.009473,resolved,"oscillation_self_loop,plan_compliance",8,0.009473,resolved,"oscillation_self_loop,plan_compliance",7,0.006270
django__django-15375,unresolved,"oscillation_self_loop,plan_compliance",7,0.006469,unresolved,"oscillation_self_loop,plan_compliance",7,0.006469,unresolved,oscillation_self_loop,47,0.134361
django__django-15380,unresolved,oscillation_self_loop,9,0.007697,unresolved,oscillation_self_loop,9,0.007697,resolved,"oscillation_self_loop,plan_compliance",7,0.005101
django__django-15382,unresolved,"dwell_L_reproduce,oscillation_self_loop",29,0.044467,unresolved,"dwell_L_reproduce,oscillation_self_loop",29,0.044467,unresolved,oscillation_self_loop,48,0.132698
django__django-15467,resolved,"oscillation_self_loop,plan_compliance",8,0.007516,resolved,"oscillation_self_loop,plan_compliance",8,0.007516,resolved,"oscillation_self_loop,plan_compliance",9,0.008253
django__django-15499,resolved,"oscillation_self_loop,plan_compliance",8,0.009257,unresolved,"oscillation_self_loop,plan_compliance",8,0.009257,resolved,"oscillation_self_loop,plan_compliance",8,0.009871
django__django-15503,unresolved,"oscillation_self_loop,plan_compliance",8,0.008653,unresolved,"oscillation_self_loop,plan_compliance",8,0.008653,unresolved,"oscillation_self_loop,plan_compliance",6,0.006095
django__django-15525,unresolved,"oscillation_self_loop,plan_compliance",5,0.005529,unresolved,"oscillation_self_loop,plan_compliance",5,0.005529,unresolved,"oscillation_self_loop,plan_compliance",9,0.013041
django__django-15554,unresolved,plan_compliance,14,0.024293,unresolved,plan_compliance,14,0.024293,unresolved,"dwell_L_reproduce,repeated_view",48,0.132291
django__django-15561,resolved,"dwell_L_reproduce,plan_compliance",39,0.086010,resolved,"dwell_L_reproduce,plan_compliance",39,0.086010,resolved,"oscillation_self_loop,plan_compliance",8,0.004583
django__django-15563,unresolved,"dwell_L_navigate,oscillation_self_loop,plan_compliance,repeated_view",18,0.030814,unresolved,"dwell_L_navigate,oscillation_self_loop,plan_compliance,repeated_view",18,0.030814,unresolved,"dwell_L_navigate,oscillation_self_loop,plan_compliance",11,0.016134
django__django-15569,resolved,"oscillation_self_loop,plan_compliance",6,0.004756,resolved,"oscillation_self_loop,plan_compliance",6,0.004756,resolved,"oscillation_self_loop,plan_compliance",5,0.003898
django__django-15572,unresolved,,13,0.011355,resolved,,13,0.011355,unresolved,"dwell_L_navigate,oscillation_self_loop,plan_compliance",13,0.017250
django__django-15629,unresolved,"oscillation_self_loop,plan_compliance",10,0.014323,unresolved,"oscillation_self_loop,plan_compliance",10,0.014323,unresolved,"dwell_V,oscillation_self_loop",29,0.061754
django__django-15695,unresolved,"oscillation_self_loop,plan_compliance",11,0.018216,unresolved,"oscillation_self_loop,plan_compliance",11,0.018216,unresolved,"oscillation_self_loop,plan_compliance",9,0.011684
django__django-15731,resolved,"dwell_L_reproduce,oscillation_self_loop",24,0.025956,resolved,"dwell_L_reproduce,oscillation_self_loop",24,0.025956,resolved,dwell_L_reproduce,19,0.022613
django__django-15732,unresolved,"dwell_L_navigate,dwell_L_reproduce,plan_compliance,repeated_view",52,0.216029,unresolved,"dwell_L_navigate,dwell_L_reproduce,plan_compliance,repeated_view",52,0.216029,unresolved,"dwell_V,oscillation_self_loop",29,0.066469
django__django-15741,unresolved,"oscillation_self_loop,plan_compliance",7,0.005624,resolved,"oscillation_self_loop,plan_compliance",7,0.005624,unresolved,"oscillation_self_loop,plan_compliance",6,0.004355
django__django-15814,resolved,"dwell_V,oscillation_self_loop,repeated_view",31,0.042231,resolved,"dwell_V,oscillation_self_loop,repeated_view",31,0.042231,resolved,"oscillation_self_loop,plan_compliance",7,0.006815
django__django-15851,resolved,oscillation_self_loop,7,0.004903,resolved,oscillation_self_loop,7,0.004903,resolved,"dwell_L_reproduce,oscillation_self_loop,plan_compliance",17,0.017494
django__django-15863,resolved,,13,0.016508,resolved,,13,0.016508,resolved,,12,0.012249
django__django-15916,unresolved,dwell_V,24,0.036925,unresolved,dwell_V,24,0.036925,unresolved,,16,0.016878
django__django-15930,unresolved,"dwell_L_navigate,oscillation_self_loop,plan_compliance,repeated_view",14,0.029604,unresolved,"dwell_L_navigate,oscillation_self_loop,plan_compliance,repeated_view",14,0.029604,unresolved,"dwell_L_reproduce,repeated_view",73,0.307215
django__django-15957,unresolved,"dwell_L_reproduce,dwell_V,plan_compliance",42,0.074856,unresolved,"dwell_L_reproduce,dwell_V,plan_compliance",42,0.074856,unresolved,"dwell_L_reproduce,dwell_V,oscillation_self_loop,plan_compliance",52,0.088341
django__django-15973,unresolved,"dwell_L_navigate,oscillation_self_loop",24,0.016715,unresolved,"dwell_L_navigate,oscillation_self_loop",24,0.016715,unresolved,"dwell_L_reproduce,plan_compliance",25,0.085901
django__django-15987,resolved,"oscillation_self_loop,plan_compliance",8,0.009959,unresolved,"oscillation_self_loop,plan_compliance",8,0.009959,resolved,"oscillation_self_loop,plan_compliance",6,0.006182
django__django-16032,unresolved,"dwell_L_navigate,dwell_V,repeated_view",48,0.169515,unresolved,"dwell_L_navigate,dwell_V,repeated_view",48,0.169515,unresolved,"dwell_L_navigate,dwell_V,oscillation_self_loop,repeated_view",32,0.099844
django__django-16082,resolved,"oscillation_self_loop,plan_compliance",12,0.015919,resolved,"oscillation_self_loop,plan_compliance",12,0.015919,resolved,"dwell_V,plan_compliance",22,0.032116
django__django-16100,unresolved,"oscillation_self_loop,plan_compliance",12,0.015197,resolved,"oscillation_self_loop,plan_compliance",12,0.015197,unresolved,"dwell_L_navigate,oscillation_self_loop,plan_compliance",20,0.034096
django__django-16116,resolved,repeated_view,15,0.018035,unresolved,repeated_view,15,0.018035,resolved,"oscillation_self_loop,plan_compliance",7,0.004307
django__django-16136,resolved,"oscillation_self_loop,plan_compliance",6,0.005525,resolved,"oscillation_self_loop,plan_compliance",6,0.005525,resolved,"oscillation_self_loop,plan_compliance",6,0.004567
django__django-16139,resolved,"oscillation_self_loop,plan_compliance",7,0.006926,resolved,"oscillation_self_loop,plan_compliance",7,0.006926,resolved,"oscillation_self_loop,plan_compliance",7,0.007515
django__django-16145,resolved,"oscillation_self_loop,plan_compliance",6,0.005387,resolved,"oscillation_self_loop,plan_compliance",6,0.005387,resolved,dwell_V,16,0.017583
django__django-16255,resolved,"oscillation_self_loop,plan_compliance",7,0.004304,resolved,"oscillation_self_loop,plan_compliance",7,0.004304,resolved,"oscillation_self_loop,plan_compliance",6,0.005475
django__django-16256,unresolved,"oscillation_self_loop,plan_compliance,repeated_view",20,0.032869,unresolved,"oscillation_self_loop,plan_compliance,repeated_view",20,0.032869,unresolved,"oscillation_self_loop,plan_compliance",13,0.014039
django__django-16263,unresolved,"dwell_L_navigate,oscillation_self_loop,plan_compliance",13,0.019019,unresolved,"dwell_L_navigate,oscillation_self_loop,plan_compliance",13,0.019019,unresolved,"oscillation_self_loop,plan_compliance",11,0.011831
django__django-16315,unresolved,"dwell_L_navigate,oscillation_self_loop,plan_compliance",20,0.039915,resolved,"dwell_L_navigate,oscillation_self_loop,plan_compliance",20,0.039915,unresolved,"dwell_L_navigate,oscillation_self_loop,plan_compliance",13,0.025068
django__django-16333,resolved,"oscillation_self_loop,plan_compliance",8,0.007570,resolved,"oscillation_self_loop,plan_compliance",8,0.007570,resolved,"oscillation_self_loop,plan_compliance",6,0.003905
django__django-16429,resolved,dwell_V,49,0.087702,resolved,dwell_V,49,0.087702,resolved,,17,0.018091
django__django-16454,unresolved,,13,0.015086,unresolved,,13,0.015086,unresolved,"oscillation_self_loop,plan_compliance",8,0.009510
django__django-16485,resolved,,13,0.014369,resolved,,13,0.014369,resolved,,13,0.016483
django__django-16493,unresolved,"oscillation_self_loop,plan_compliance",7,0.006313,unresolved,"oscillation_self_loop,plan_compliance",7,0.006313,resolved,"dwell_V,oscillation_self_loop",28,0.041007
django__django-16502,unresolved,,18,0.018705,unresolved,,18,0.018705,unresolved,"dwell_L_reproduce,plan_compliance,repeated_view",50,0.112222
django__django-16527,resolved,"oscillation_self_loop,plan_compliance",6,0.003050,resolved,"oscillation_self_loop,plan_compliance",6,0.003050,resolved,"oscillation_self_loop,plan_compliance",7,0.003396
django__django-16560,unresolved,"oscillation_self_loop,plan_compliance",8,0.007395,unresolved,"oscillation_self_loop,plan_compliance",8,0.007395,unresolved,"oscillation_self_loop,plan_compliance",20,0.025603
django__django-16569,resolved,,12,0.009012,resolved,,12,0.009012,resolved,plan_compliance,10,0.010016
django__django-16595,resolved,"oscillation_self_loop,plan_compliance",7,0.007036,resolved,"oscillation_self_loop,plan_compliance",7,0.007036,resolved,"oscillation_self_loop,plan_compliance",7,0.005232
django__django-16612,resolved,plan_compliance,7,0.004799,resolved,plan_compliance,7,0.004799,resolved,plan_compliance,7,0.004438
django__django-16631,unresolved,"oscillation_self_loop,plan_compliance",9,0.008758,unresolved,"oscillation_self_loop,plan_compliance",9,0.008758,unresolved,"oscillation_self_loop,plan_compliance",10,0.014510
django__django-16642,resolved,oscillation_self_loop,15,0.021583,unresolved,oscillation_self_loop,15,0.021583,unresolved,"oscillation_self_loop,plan_compliance",9,0.009272
django__django-16661,unresolved,"oscillation_self_loop,plan_compliance",7,0.005917,resolved,"oscillation_self_loop,plan_compliance",7,0.005917,unresolved,oscillation_self_loop,12,0.014696
django__django-16662,resolved,dwell_V,34,0.058626,resolved,dwell_V,34,0.058626,resolved,"oscillation_self_loop,plan_compliance",10,0.008906
django__django-16667,unresolved,"oscillation_self_loop,plan_compliance",10,0.013596,unresolved,"oscillation_self_loop,plan_compliance",10,0.013596,unresolved,dwell_L_navigate,20,0.025791
django__django-16801,resolved,"oscillation_self_loop,plan_compliance",7,0.006386,resolved,"oscillation_self_loop,plan_compliance",7,0.006386,resolved,"oscillation_self_loop,plan_compliance",9,0.008918
django__django-16819,resolved,"dwell_L_navigate,oscillation_self_loop,repeated_view",22,0.069541,resolved,"dwell_L_navigate,oscillation_self_loop,repeated_view",22,0.069541,resolved,"dwell_L_navigate,oscillation_self_loop,plan_compliance,repeated_view",21,0.049169
django__django-16877,resolved,"oscillation_self_loop,plan_compliance",6,0.004612,unresolved,"oscillation_self_loop,plan_compliance",6,0.004612,unresolved,"oscillation_self_loop,plan_compliance",7,0.006966
django__django-16899,resolved,"oscillation_self_loop,plan_compliance",7,0.007997,unresolved,"oscillation_self_loop,plan_compliance",7,0.007997,resolved,"dwell_V,plan_compliance",30,0.047035
django__django-16901,resolved,oscillation_self_loop,18,0.033242,unresolved,oscillation_self_loop,18,0.033242,resolved,"oscillation_self_loop,plan_compliance",7,0.009287
django__django-16938,unresolved,"oscillation_self_loop,plan_compliance",9,0.013921,unresolved,"oscillation_self_loop,plan_compliance",9,0.013921,unresolved,,7,0.004572
django__django-16950,unresolved,"oscillation_self_loop,plan_compliance,repeated_view",17,0.019336,unresolved,"oscillation_self_loop,plan_compliance,repeated_view",17,0.019336,unresolved,"dwell_L_navigate,oscillation_self_loop,plan_compliance",19,0.034538
django__django-17029,resolved,"oscillation_self_loop,plan_compliance",8,0.004328,resolved,"oscillation_self_loop,plan_compliance",8,0.004328,resolved,,17,0.017643
django__django-17084,unresolved,"dwell_L_reproduce,plan_compliance",30,0.035242,unresolved,"dwell_L_reproduce,plan_compliance",30,0.035242,unresolved,"dwell_L_reproduce,plan_compliance",36,0.049003
django__django-17087,resolved,"dwell_V,oscillation_self_loop",40,0.085878,unresolved,"dwell_V,oscillation_self_loop",40,0.085878,resolved,"oscillation_self_loop,plan_compliance",7,0.007465
django__django-7530,resolved,"dwell_L_navigate,oscillation_max_repeats,oscillation_self_loop,oscillation_two_plus_node,plan_compliance,repeated_view",366,0.863763,unresolved,"dwell_L_navigate,oscillation_max_repeats,oscillation_self_loop,oscillation_two_plus_node,plan_compliance,repeated_view",366,0.863763,resolved,"dwell_L_navigate,oscillation_max_repeats,oscillation_self_loop,oscillation_two_plus_node,plan_compliance,repeated_view",338,0.713316
django__django-9296,resolved,"oscillation_self_loop,plan_compliance",6,0.004887,resolved,"oscillation_self_loop,plan_compliance",6,0.004887,resolved,"oscillation_self_loop,plan_compliance",6,0.004667
matplotlib__matplotlib-13989,resolved,"dwell_L_navigate,oscillation_self_loop,repeated_view",20,0.043876,resolved,"dwell_L_navigate,oscillation_self_loop,repeated_view",20,0.043876,resolved,"dwell_L_navigate,repeated_view",24,0.069573
matplotlib__matplotlib-14623,unresolved,oscillation_self_loop,19,0.023186,unresolved,oscillation_self_loop,19,0.023186,unresolved,,23,0.034334
matplotlib__matplotlib-20488,resolved,"oscillation_self_loop,plan_compliance",9,0.015005,unresolved,"oscillation_self_loop,plan_compliance",9,0.015005,unresolved,"oscillation_self_loop,plan_compliance,repeated_view",12,0.017990
matplotlib__matplotlib-20676,unresolved,dwell_L_navigate,18,0.038749,unresolved,dwell_L_navigate,18,0.038749,unresolved,"dwell_L_navigate,oscillation_self_loop",17,0.037323
matplotlib__matplotlib-20826,unresolved,"dwell_L_navigate,oscillation_self_loop",26,0.066970,unresolved,"dwell_L_navigate,oscillation_self_loop",26,0.066970,unresolved,,17,0.026540
matplotlib__matplotlib-20859,resolved,,15,0.017521,resolved,,15,0.017521,unresolved,"dwell_V,oscillation_self_loop,repeated_view",52,0.103835
matplotlib__matplotlib-21568,unresolved,plan_compliance,14,0.009875,unresolved,plan_compliance,14,0.009875,unresolved,"dwell_L_navigate,oscillation_self_loop,repeated_view",23,0.044408
matplotlib__matplotlib-22719,resolved,,16,0.030173,resolved,,16,0.030173,resolved,plan_compliance,14,0.017314
matplotlib__matplotlib-22865,unresolved,oscillation_self_loop,11,0.014712,unresolved,oscillation_self_loop,11,0.014712,unresolved,"oscillation_self_loop,plan_compliance",8,0.008373
matplotlib__matplotlib-22871,unresolved,,14,0.015161,unresolved,,14,0.015161,unresolved,"oscillation_self_loop,plan_compliance",14,0.020185
matplotlib__matplotlib-23299,unresolved,"dwell_L_navigate,oscillation_self_loop",25,0.051307,unresolved,"dwell_L_navigate,oscillation_self_loop",25,0.051307,unresolved,dwell_L_navigate,25,0.063900
matplotlib__matplotlib-23314,resolved,"dwell_L_navigate,oscillation_self_loop,plan_compliance",18,0.051297,unresolved,"dwell_L_navigate,oscillation_self_loop,plan_compliance",18,0.051297,unresolved,dwell_L_navigate,19,0.032675
matplotlib__matplotlib-23412,resolved,dwell_L_navigate,19,0.030037,resolved,dwell_L_navigate,19,0.030037,resolved,oscillation_self_loop,13,0.014280
matplotlib__matplotlib-23476,unresolved,"dwell_L_navigate,plan_compliance",12,0.020037,unresolved,"dwell_L_navigate,plan_compliance",12,0.020037,unresolved,"dwell_L_navigate,oscillation_self_loop,repeated_view",20,0.033680
matplotlib__matplotlib-24026,resolved,,11,0.008477,resolved,,11,0.008477,resolved,oscillation_self_loop,15,0.018877
matplotlib__matplotlib-24149,unresolved,,12,0.015255,resolved,,12,0.015255,unresolved,,13,0.013843
matplotlib__matplotlib-24177,unresolved,"dwell_V,oscillation_self_loop,plan_compliance",23,0.041832,unresolved,"dwell_V,oscillation_self_loop,plan_compliance",23,0.041832,unresolved,"dwell_L_navigate,oscillation_self_loop,repeated_view",21,0.047911
matplotlib__matplotlib-24570,resolved,"dwell_V,oscillation_self_loop",21,0.033921,resolved,"dwell_V,oscillation_self_loop",21,0.033921,resolved,,17,0.023727
matplotlib__matplotlib-24627,resolved,plan_compliance,12,0.011834,unresolved,plan_compliance,12,0.011834,resolved,dwell_L_navigate,19,0.041899
matplotlib__matplotlib-24637,unresolved,dwell_L_reproduce,20,0.030911,resolved,dwell_L_reproduce,20,0.030911,resolved,,13,0.022842
matplotlib__matplotlib-24870,unresolved,dwell_L_navigate,20,0.037488,unresolved,dwell_L_navigate,20,0.037488,unresolved,"oscillation_self_loop,repeated_view",20,0.033725
matplotlib__matplotlib-24970,resolved,,11,0.010443,resolved,,11,0.010443,resolved,,10,0.011248
matplotlib__matplotlib-25122,resolved,dwell_V,19,0.023732,resolved,dwell_V,19,0.023732,resolved,,22,0.016935
matplotlib__matplotlib-25287,resolved,"dwell_L_navigate,oscillation_self_loop,plan_compliance",16,0.021279,resolved,"dwell_L_navigate,oscillation_self_loop,plan_compliance",16,0.021279,resolved,"dwell_L_navigate,oscillation_self_loop",23,0.035678
matplotlib__matplotlib-25311,unresolved,,12,0.023199,unresolved,,12,0.023199,unresolved,"dwell_L_reproduce,oscillation_self_loop",21,0.030215
matplotlib__matplotlib-25332,unresolved,dwell_L_navigate,15,0.023129,unresolved,dwell_L_navigate,15,0.023129,unresolved,oscillation_self_loop,17,0.025914
matplotlib__matplotlib-25479,unresolved,,31,0.065968,unresolved,,31,0.065968,unresolved,dwell_V,19,0.027231
matplotlib__matplotlib-25775,unresolved,"oscillation_self_loop,plan_compliance",26,0.059655,unresolved,"oscillation_self_loop,plan_compliance",26,0.059655,unresolved,"dwell_L_navigate,oscillation_self_loop,plan_compliance",13,0.029811
matplotlib__matplotlib-25960,unresolved,"oscillation_self_loop,repeated_view",27,0.046798,unresolved,"oscillation_self_loop,repeated_view",27,0.046798,unresolved,oscillation_self_loop,17,0.008851
matplotlib__matplotlib-26113,resolved,"oscillation_self_loop,plan_compliance",16,0.035111,resolved,"oscillation_self_loop,plan_compliance",16,0.035111,resolved,repeated_view,22,0.047013
matplotlib__matplotlib-26208,unresolved,,17,0.033685,unresolved,,17,0.033685,unresolved,dwell_L_navigate,31,0.065484
matplotlib__matplotlib-26291,unresolved,"dwell_L_reproduce,oscillation_self_loop,plan_compliance",18,0.010412,unresolved,"dwell_L_reproduce,oscillation_self_loop,plan_compliance",18,0.010412,unresolved,"dwell_L_reproduce,plan_compliance",14,0.008416
matplotlib__matplotlib-26342,resolved,"dwell_L_navigate,oscillation_self_loop,plan_compliance",17,0.029153,resolved,"dwell_L_navigate,oscillation_self_loop,plan_compliance",17,0.029153,resolved,"oscillation_self_loop,plan_compliance",10,0.011184
matplotlib__matplotlib-26466,unresolved,plan_compliance,13,0.022773,unresolved,plan_compliance,13,0.022773,unresolved,,19,0.037447
mwaskom__seaborn-3069,unresolved,"dwell_L_navigate,oscillation_self_loop,plan_compliance",15,0.030389,unresolved,"dwell_L_navigate,oscillation_self_loop,plan_compliance",15,0.030389,unresolved,"oscillation_self_loop,plan_compliance",11,0.016379
mwaskom__seaborn-3187,unresolved,"dwell_V,oscillation_self_loop",19,0.011113,unresolved,"dwell_V,oscillation_self_loop",19,0.011113,unresolved,,15,0.015028
pallets__flask-5014,resolved,"oscillation_self_loop,plan_compliance",8,0.005592,resolved,"oscillation_self_loop,plan_compliance",8,0.005592,resolved,,12,0.010402
psf__requests-1142,resolved,"oscillation_self_loop,plan_compliance",10,0.012401,resolved,"oscillation_self_loop,plan_compliance",10,0.012401,unresolved,,16,0.014135
psf__requests-1724,resolved,plan_compliance,20,0.020955,unresolved,plan_compliance,20,0.020955,resolved,"oscillation_self_loop,repeated_view",15,0.013502
psf__requests-1766,resolved,,14,0.010474,resolved,,14,0.010474,resolved,"oscillation_self_loop,plan_compliance",8,0.004367
psf__requests-1921,unresolved,,14,0.010779,resolved,,14,0.010779,unresolved,oscillation_self_loop,15,0.010280
psf__requests-2317,unresolved,"oscillation_self_loop,plan_compliance",10,0.008653,unresolved,"oscillation_self_loop,plan_compliance",10,0.008653,unresolved,,10,0.006182
psf__requests-2931,unresolved,oscillation_self_loop,12,0.006912,unresolved,oscillation_self_loop,12,0.006912,unresolved,,14,0.014729
psf__requests-5414,resolved,plan_compliance,11,0.009671,resolved,plan_compliance,11,0.009671,resolved,repeated_view,15,0.013606
psf__requests-6028,unresolved,dwell_V,31,0.034251,unresolved,dwell_V,31,0.034251,unresolved,,29,0.049383
pydata__xarray-2905,unresolved,,11,0.011509,resolved,,11,0.011509,unresolved,oscillation_self_loop,34,0.053910
pydata__xarray-3095,unresolved,"dwell_L_navigate,oscillation_self_loop,repeated_view",37,0.091808,unresolved,"dwell_L_navigate,oscillation_self_loop,repeated_view",37,0.091808,unresolved,oscillation_self_loop,28,0.061341
pydata__xarray-3151,resolved,oscillation_self_loop,16,0.013505,resolved,oscillation_self_loop,16,0.013505,resolved,plan_compliance,24,0.055337
pydata__xarray-3305,resolved,dwell_L_navigate,19,0.035533,resolved,dwell_L_navigate,19,0.035533,resolved,,13,0.015877
pydata__xarray-3677,resolved,,15,0.021062,unresolved,,15,0.021062,resolved,oscillation_self_loop,11,0.004894
pydata__xarray-3993,unresolved,dwell_L_navigate,26,0.047714,unresolved,dwell_L_navigate,26,0.047714,unresolved,"oscillation_self_loop,plan_compliance",16,0.018133
pydata__xarray-4075,resolved,oscillation_self_loop,10,0.008345,resolved,oscillation_self_loop,10,0.008345,resolved,"oscillation_self_loop,plan_compliance",7,0.005515
pydata__xarray-4094,unresolved,"dwell_L_navigate,oscillation_self_loop",22,0.044922,unresolved,"dwell_L_navigate,oscillation_self_loop",22,0.044922,unresolved,"oscillation_self_loop,plan_compliance,repeated_view",19,0.040394
pydata__xarray-4356,resolved,,9,0.007188,resolved,,9,0.007188,resolved,,13,0.009505
pydata__xarray-4629,resolved,,11,0.008589,resolved,,11,0.008589,resolved,,12,0.010409
pydata__xarray-4687,unresolved,oscillation_self_loop,32,0.075335,unresolved,oscillation_self_loop,32,0.075335,unresolved,"dwell_L_navigate,plan_compliance,repeated_view",52,0.180924
pydata__xarray-4695,unresolved,,37,0.089060,unresolved,,37,0.089060,unresolved,"oscillation_self_loop,oscillation_two_plus_node,repeated_view",81,0.292881
pydata__xarray-4966,resolved,,11,0.007370,resolved,,11,0.007370,resolved,,15,0.018387
pydata__xarray-6461,resolved,"oscillation_self_loop,plan_compliance",14,0.007381,resolved,"oscillation_self_loop,plan_compliance",14,0.007381,resolved,,11,0.005313
pydata__xarray-6599,unresolved,"oscillation_self_loop,repeated_view",24,0.060227,unresolved,"oscillation_self_loop,repeated_view",24,0.060227,unresolved,,22,0.043714
pydata__xarray-6721,unresolved,dwell_L_navigate,21,0.030402,unresolved,dwell_L_navigate,21,0.030402,unresolved,"plan_compliance,repeated_view",18,0.032808
pydata__xarray-6744,unresolved,,10,0.008141,unresolved,,10,0.008141,unresolved,oscillation_self_loop,16,0.016542
pydata__xarray-6938,unresolved,dwell_L_navigate,16,0.028491,unresolved,dwell_L_navigate,16,0.028491,unresolved,repeated_view,47,0.132697
pydata__xarray-6992,unresolved,"oscillation_self_loop,repeated_view",16,0.007128,unresolved,"oscillation_self_loop,repeated_view",16,0.007128,unresolved,,14,0.011533
pydata__xarray-7229,unresolved,,10,0.011048,unresolved,,10,0.011048,unresolved,oscillation_self_loop,19,0.037633
pydata__xarray-7233,resolved,,13,0.018865,unresolved,,13,0.018865,resolved,oscillation_self_loop,12,0.015732
pydata__xarray-7393,resolved,dwell_L_navigate,25,0.032106,resolved,dwell_L_navigate,25,0.032106,unresolved,"dwell_L_navigate,oscillation_self_loop,repeated_view",39,0.156166
pylint-dev__pylint-4551,unresolved,plan_compliance,16,0.019902,unresolved,plan_compliance,16,0.019902,unresolved,,17,0.026838
pylint-dev__pylint-4604,unresolved,"dwell_L_navigate,repeated_view",38,0.086427,unresolved,"dwell_L_navigate,repeated_view",38,0.086427,unresolved,dwell_L_navigate,14,0.023168
pylint-dev__pylint-4661,unresolved,"dwell_L_navigate,plan_compliance",21,0.033560,unresolved,"dwell_L_navigate,plan_compliance",21,0.033560,unresolved,"dwell_L_navigate,oscillation_self_loop,plan_compliance",15,0.018502
pylint-dev__pylint-4970,unresolved,"dwell_L_navigate,oscillation_self_loop,plan_compliance,repeated_view",14,0.019018,unresolved,"dwell_L_navigate,oscillation_self_loop,plan_compliance,repeated_view",14,0.019018,unresolved,"oscillation_self_loop,plan_compliance",13,0.015434
pylint-dev__pylint-6386,unresolved,"dwell_L_navigate,oscillation_self_loop",24,0.058943,unresolved,"dwell_L_navigate,oscillation_self_loop",24,0.058943,unresolved,"dwell_L_navigate,oscillation_self_loop,plan_compliance,repeated_view",31,0.074771
pylint-dev__pylint-6528,unresolved,dwell_L_navigate,19,0.026576,unresolved,dwell_L_navigate,19,0.026576,unresolved,"oscillation_self_loop,plan_compliance",14,0.011766
pylint-dev__pylint-6903,resolved,dwell_L_reproduce,22,0.023031,resolved,dwell_L_reproduce,22,0.023031,resolved,"oscillation_self_loop,plan_compliance",6,0.004802
pylint-dev__pylint-7080,unresolved,oscillation_self_loop,8,0.016888,unresolved,oscillation_self_loop,8,0.016888,unresolved,"oscillation_self_loop,plan_compliance",9,0.021888
pylint-dev__pylint-7277,unresolved,,17,0.061145,unresolved,,17,0.061145,unresolved,plan_compliance,11,0.009530
pylint-dev__pylint-8898,unresolved,,12,0.019635,unresolved,,12,0.019635,unresolved,,14,0.022780
pytest-dev__pytest-10051,unresolved,,16,0.016711,unresolved,,16,0.016711,unresolved,"oscillation_self_loop,plan_compliance,repeated_view",15,0.018534
pytest-dev__pytest-10081,unresolved,plan_compliance,12,0.015479,unresolved,plan_compliance,12,0.015479,unresolved,oscillation_self_loop,15,0.018610
pytest-dev__pytest-10356,unresolved,"oscillation_self_loop,plan_compliance",11,0.011622,unresolved,"oscillation_self_loop,plan_compliance",11,0.011622,unresolved,dwell_V,33,0.061297
pytest-dev__pytest-5262,resolved,plan_compliance,10,0.011145,resolved,plan_compliance,10,0.011145,resolved,"oscillation_self_loop,plan_compliance",6,0.006366
pytest-dev__pytest-5631,resolved,"oscillation_self_loop,plan_compliance",9,0.006577,unresolved,"oscillation_self_loop,plan_compliance",9,0.006577,unresolved,,20,0.021100
pytest-dev__pytest-5787,unresolved,oscillation_self_loop,10,0.012074,unresolved,oscillation_self_loop,10,0.012074,unresolved,"oscillation_self_loop,plan_compliance",10,0.014958
pytest-dev__pytest-5809,unresolved,,14,0.022205,resolved,,14,0.022205,resolved,,8,0.027479
pytest-dev__pytest-5840,unresolved,plan_compliance,18,0.024204,unresolved,plan_compliance,18,0.024204,unresolved,dwell_V,13,0.016886
pytest-dev__pytest-6197,unresolved,"dwell_L_navigate,oscillation_self_loop,plan_compliance",43,0.099362,unresolved,"dwell_L_navigate,oscillation_self_loop,plan_compliance",43,0.099362,unresolved,"dwell_L_navigate,repeated_view",30,0.065082
pytest-dev__pytest-6202,resolved,,9,0.008631,resolved,,9,0.008631,resolved,"oscillation_self_loop,plan_compliance",8,0.006786
pytest-dev__pytest-7205,unresolved,,11,0.028760,resolved,,11,0.028760,resolved,"oscillation_self_loop,plan_compliance",12,0.009112
pytest-dev__pytest-7236,unresolved,plan_compliance,12,0.016030,unresolved,plan_compliance,12,0.016030,unresolved,,11,0.011700
pytest-dev__pytest-7324,unresolved,,13,0.016903,unresolved,,13,0.016903,unresolved,oscillation_self_loop,20,0.020750
pytest-dev__pytest-7432,unresolved,"oscillation_self_loop,plan_compliance",6,0.005080,resolved,"oscillation_self_loop,plan_compliance",6,0.005080,resolved,"oscillation_self_loop,plan_compliance",5,0.003898
pytest-dev__pytest-7490,unresolved,repeated_view,35,0.105521,unresolved,repeated_view,35,0.105521,unresolved,plan_compliance,20,0.045889
pytest-dev__pytest-7521,resolved,"oscillation_self_loop,repeated_view",42,0.076606,resolved,"oscillation_self_loop,repeated_view",42,0.076606,unresolved,"oscillation_self_loop,plan_compliance",19,0.025426
pytest-dev__pytest-7571,resolved,"oscillation_self_loop,plan_compliance",14,0.015264,resolved,"oscillation_self_loop,plan_compliance",14,0.015264,resolved,,25,0.040443
pytest-dev__pytest-7982,resolved,"dwell_L_navigate,oscillation_self_loop,plan_compliance,repeated_view",16,0.028859,resolved,"dwell_L_navigate,oscillation_self_loop,plan_compliance,repeated_view",16,0.028859,resolved,"dwell_L_navigate,oscillation_self_loop,plan_compliance,repeated_view",15,0.025174
pytest-dev__pytest-8399,resolved,"oscillation_self_loop,plan_compliance",6,0.005286,resolved,"oscillation_self_loop,plan_compliance",6,0.005286,resolved,,15,0.018321
scikit-learn__scikit-learn-10297,resolved,,14,0.026464,resolved,,14,0.026464,resolved,"dwell_L_navigate,plan_compliance",16,0.032523
scikit-learn__scikit-learn-10844,resolved,,11,0.007489,resolved,,11,0.007489,resolved,"oscillation_self_loop,plan_compliance",8,0.005840
scikit-learn__scikit-learn-10908,unresolved,"oscillation_self_loop,repeated_view",17,0.020191,unresolved,"oscillation_self_loop,repeated_view",17,0.020191,unresolved,repeated_view,17,0.023149
scikit-learn__scikit-learn-11310,resolved,oscillation_self_loop,9,0.009932,resolved,oscillation_self_loop,9,0.009932,resolved,oscillation_self_loop,8,0.009324
scikit-learn__scikit-learn-11578,resolved,,11,0.017563,resolved,,11,0.017563,resolved,"oscillation_self_loop,plan_compliance",11,0.016434
scikit-learn__scikit-learn-12585,resolved,,10,0.005514,resolved,,10,0.005514,resolved,,10,0.006116
scikit-learn__scikit-learn-12682,unresolved,"oscillation_self_loop,plan_compliance",17,0.026299,unresolved,"oscillation_self_loop,plan_compliance",17,0.026299,unresolved,"oscillation_self_loop,plan_compliance",14,0.017784
scikit-learn__scikit-learn-12973,unresolved,"dwell_L_navigate,oscillation_self_loop,plan_compliance,repeated_view",16,0.024046,unresolved,"dwell_L_navigate,oscillation_self_loop,plan_compliance,repeated_view",16,0.024046,unresolved,"oscillation_self_loop,plan_compliance,repeated_view",11,0.012339
scikit-learn__scikit-learn-13124,unresolved,,24,0.062927,unresolved,,24,0.062927,unresolved,,13,0.025683
scikit-learn__scikit-learn-13135,unresolved,oscillation_self_loop,9,0.010116,resolved,oscillation_self_loop,9,0.010116,resolved,,11,0.011989
scikit-learn__scikit-learn-13142,resolved,"dwell_L_navigate,plan_compliance",20,0.035110,unresolved,"dwell_L_navigate,plan_compliance",20,0.035110,resolved,dwell_L_navigate,20,0.033244
scikit-learn__scikit-learn-13328,resolved,,11,0.012985,resolved,,11,0.012985,resolved,,10,0.011139
scikit-learn__scikit-learn-13439,resolved,"oscillation_self_loop,plan_compliance",7,0.007387,resolved,"oscillation_self_loop,plan_compliance",7,0.007387,resolved,,11,0.012754
scikit-learn__scikit-learn-13496,unresolved,"oscillation_self_loop,plan_compliance",8,0.005057,unresolved,"oscillation_self_loop,plan_compliance",8,0.005057,unresolved,"dwell_L_navigate,oscillation_self_loop,plan_compliance",19,0.036293
scikit-learn__scikit-learn-13779,resolved,,13,0.015495,resolved,,13,0.015495,resolved,plan_compliance,16,0.020203
scikit-learn__scikit-learn-14053,resolved,,14,0.014779,resolved,,14,0.014779,resolved,,12,0.009293
scikit-learn__scikit-learn-14087,resolved,oscillation_self_loop,24,0.039128,unresolved,oscillation_self_loop,24,0.039128,resolved,,20,0.035526
scikit-learn__scikit-learn-14141,resolved,,12,0.011130,resolved,,12,0.011130,resolved,"oscillation_self_loop,plan_compliance",9,0.008819
scikit-learn__scikit-learn-14496,resolved,,17,0.016797,resolved,,17,0.016797,resolved,"oscillation_self_loop,repeated_view",14,0.016645
scikit-learn__scikit-learn-14629,unresolved,,12,0.006593,unresolved,,12,0.006593,unresolved,"plan_compliance,repeated_view",14,0.009592
scikit-learn__scikit-learn-14710,resolved,,12,0.015599,resolved,,12,0.015599,unresolved,plan_compliance,8,0.005693
scikit-learn__scikit-learn-14894,resolved,,11,0.008489,resolved,,11,0.008489,resolved,,14,0.012789
scikit-learn__scikit-learn-14983,unresolved,,17,0.035390,unresolved,,17,0.035390,unresolved,,13,0.023598
scikit-learn__scikit-learn-15100,resolved,oscillation_self_loop,14,0.017196,resolved,oscillation_self_loop,14,0.017196,resolved,oscillation_self_loop,12,0.012795
scikit-learn__scikit-learn-25102,resolved,oscillation_self_loop,16,0.029019,resolved,oscillation_self_loop,16,0.029019,unresolved,,24,0.040601
scikit-learn__scikit-learn-25232,resolved,oscillation_self_loop,19,0.027311,resolved,oscillation_self_loop,19,0.027311,resolved,oscillation_self_loop,22,0.046764
scikit-learn__scikit-learn-25747,unresolved,"dwell_L_reproduce,oscillation_self_loop,plan_compliance",57,0.141635,unresolved,"dwell_L_reproduce,oscillation_self_loop,plan_compliance",57,0.141635,unresolved,"dwell_L_reproduce,plan_compliance",22,0.024309
scikit-learn__scikit-learn-25931,unresolved,,3,0.001281,unresolved,,3,0.001281,resolved,,13,0.011786
scikit-learn__scikit-learn-25973,unresolved,plan_compliance,28,0.055811,resolved,plan_compliance,28,0.055811,resolved,,15,0.015454
scikit-learn__scikit-learn-26194,unresolved,,11,0.010484,unresolved,,11,0.010484,unresolved,,11,0.009273
scikit-learn__scikit-learn-26323,resolved,"oscillation_self_loop,plan_compliance",10,0.012963,resolved,"oscillation_self_loop,plan_compliance",10,0.012963,resolved,"oscillation_self_loop,repeated_view",23,0.041896
scikit-learn__scikit-learn-9288,resolved,,15,0.027816,resolved,,15,0.027816,unresolved,oscillation_self_loop,33,0.090720
sphinx-doc__sphinx-10323,unresolved,,20,0.025904,unresolved,,20,0.025904,unresolved,"oscillation_self_loop,plan_compliance",8,0.007758
sphinx-doc__sphinx-10435,unresolved,"oscillation_self_loop,plan_compliance",9,0.010238,unresolved,"oscillation_self_loop,plan_compliance",9,0.010238,unresolved,,22,0.043399
sphinx-doc__sphinx-10449,unresolved,"oscillation_self_loop,plan_compliance",10,0.009933,unresolved,"oscillation_self_loop,plan_compliance",10,0.009933,unresolved,oscillation_self_loop,40,0.080790
sphinx-doc__sphinx-10466,unresolved,,12,0.012784,unresolved,,12,0.012784,unresolved,"oscillation_self_loop,plan_compliance",7,0.007293
sphinx-doc__sphinx-10614,unresolved,"dwell_L_navigate,oscillation_self_loop,plan_compliance,repeated_view",16,0.022715,unresolved,"dwell_L_navigate,oscillation_self_loop,plan_compliance,repeated_view",16,0.022715,unresolved,"oscillation_self_loop,plan_compliance",8,0.007634
sphinx-doc__sphinx-10673,unresolved,"oscillation_self_loop,plan_compliance",8,0.009354,unresolved,"oscillation_self_loop,plan_compliance",8,0.009354,unresolved,"oscillation_self_loop,plan_compliance",10,0.011964
sphinx-doc__sphinx-11445,unresolved,"dwell_L_navigate,oscillation_self_loop",20,0.042827,unresolved,"dwell_L_navigate,oscillation_self_loop",20,0.042827,unresolved,"dwell_V,oscillation_self_loop",48,0.114539
sphinx-doc__sphinx-11510,unresolved,"dwell_L_navigate,oscillation_self_loop,plan_compliance,repeated_view",17,0.033280,unresolved,"dwell_L_navigate,oscillation_self_loop,plan_compliance,repeated_view",17,0.033280,unresolved,"dwell_L_navigate,oscillation_self_loop,repeated_view",53,0.252090
sphinx-doc__sphinx-7440,unresolved,plan_compliance,9,0.004624,unresolved,plan_compliance,9,0.004624,unresolved,"oscillation_self_loop,plan_compliance,repeated_view",10,0.006114
sphinx-doc__sphinx-7454,unresolved,dwell_V,53,0.254787,unresolved,dwell_V,53,0.254787,unresolved,plan_compliance,10,0.010762
sphinx-doc__sphinx-7462,unresolved,,12,0.012722,unresolved,,12,0.012722,unresolved,"oscillation_self_loop,plan_compliance",6,0.006552
sphinx-doc__sphinx-7590,unresolved,"oscillation_self_loop,plan_compliance",11,0.014459,unresolved,"oscillation_self_loop,plan_compliance",11,0.014459,unresolved,"dwell_V,plan_compliance",41,0.066989
sphinx-doc__sphinx-7748,unresolved,,19,0.028312,unresolved,,19,0.028312,unresolved,"dwell_L_navigate,oscillation_self_loop,plan_compliance",16,0.027854
sphinx-doc__sphinx-7757,unresolved,plan_compliance,12,0.011404,unresolved,plan_compliance,12,0.011404,unresolved,,20,0.049952
sphinx-doc__sphinx-7889,resolved,,12,0.011317,unresolved,,12,0.011317,resolved,,11,0.009518
sphinx-doc__sphinx-7910,unresolved,"dwell_L_navigate,oscillation_self_loop,plan_compliance,repeated_view",23,0.043621,unresolved,"dwell_L_navigate,oscillation_self_loop,plan_compliance,repeated_view",23,0.043621,unresolved,"dwell_L_navigate,oscillation_self_loop,plan_compliance",12,0.024016
sphinx-doc__sphinx-7985,unresolved,"oscillation_self_loop,plan_compliance",9,0.010564,unresolved,"oscillation_self_loop,plan_compliance",9,0.010564,unresolved,,11,0.016936
sphinx-doc__sphinx-8035,resolved,"oscillation_self_loop,repeated_view",34,0.076313,unresolved,"oscillation_self_loop,repeated_view",34,0.076313,unresolved,"oscillation_self_loop,plan_compliance",13,0.014585
sphinx-doc__sphinx-8056,unresolved,"oscillation_self_loop,plan_compliance",14,0.024286,unresolved,"oscillation_self_loop,plan_compliance",14,0.024286,resolved,"dwell_L_navigate,dwell_V,oscillation_self_loop",25,0.051754
sphinx-doc__sphinx-8120,unresolved,"plan_compliance,repeated_view",18,0.030301,unresolved,"plan_compliance,repeated_view",18,0.030301,unresolved,"oscillation_self_loop,plan_compliance",14,0.013336
sphinx-doc__sphinx-8265,unresolved,dwell_L_navigate,15,0.020227,unresolved,dwell_L_navigate,15,0.020227,unresolved,"dwell_L_navigate,plan_compliance",17,0.024226
sphinx-doc__sphinx-8269,resolved,"oscillation_self_loop,plan_compliance",7,0.007508,unresolved,"oscillation_self_loop,plan_compliance",7,0.007508,unresolved,dwell_L_reproduce,36,0.068813
sphinx-doc__sphinx-8459,unresolved,oscillation_self_loop,38,0.102344,unresolved,oscillation_self_loop,38,0.102344,unresolved,"dwell_L_navigate,oscillation_self_loop,plan_compliance",28,0.065950
sphinx-doc__sphinx-8475,resolved,"oscillation_self_loop,plan_compliance",10,0.011024,resolved,"oscillation_self_loop,plan_compliance",10,0.011024,resolved,"oscillation_self_loop,plan_compliance",6,0.005155
sphinx-doc__sphinx-8548,unresolved,"dwell_L_navigate,plan_compliance",20,0.035047,unresolved,"dwell_L_navigate,plan_compliance",20,0.035047,unresolved,"dwell_L_navigate,oscillation_self_loop,plan_compliance",17,0.020232
sphinx-doc__sphinx-8551,unresolved,"oscillation_self_loop,plan_compliance",8,0.009610,unresolved,"oscillation_self_loop,plan_compliance",8,0.009610,unresolved,"dwell_L_navigate,oscillation_self_loop,plan_compliance,repeated_view",14,0.024725
sphinx-doc__sphinx-8593,resolved,"oscillation_self_loop,plan_compliance",10,0.012397,unresolved,"oscillation_self_loop,plan_compliance",10,0.012397,unresolved,"oscillation_self_loop,plan_compliance",11,0.013729
sphinx-doc__sphinx-8595,resolved,"oscillation_self_loop,plan_compliance",9,0.009557,resolved,"oscillation_self_loop,plan_compliance",9,0.009557,resolved,plan_compliance,18,0.032160
sphinx-doc__sphinx-8621,unresolved,"dwell_V,plan_compliance",23,0.044920,unresolved,"dwell_V,plan_compliance",23,0.044920,unresolved,"dwell_L_navigate,plan_compliance",23,0.052836
sphinx-doc__sphinx-8638,unresolved,"dwell_L_navigate,oscillation_self_loop,plan_compliance",17,0.036208,unresolved,"dwell_L_navigate,oscillation_self_loop,plan_compliance",17,0.036208,unresolved,,3,0.001819
sphinx-doc__sphinx-8721,resolved,"oscillation_self_loop,plan_compliance",8,0.006062,resolved,"oscillation_self_loop,plan_compliance",8,0.006062,resolved,"oscillation_self_loop,plan_compliance",9,0.007098
sphinx-doc__sphinx-9229,unresolved,oscillation_self_loop,27,0.063913,unresolved,oscillation_self_loop,27,0.063913,unresolved,"dwell_L_navigate,oscillation_self_loop,plan_compliance",18,0.044993
sphinx-doc__sphinx-9230,unresolved,"dwell_L_navigate,oscillation_self_loop,plan_compliance",25,0.093723,unresolved,"dwell_L_navigate,oscillation_self_loop,plan_compliance",25,0.093723,unresolved,"dwell_L_navigate,repeated_view",24,0.048581
sphinx-doc__sphinx-9258,unresolved,,0,0.000000,unresolved,,0,0.000000,unresolved,"dwell_L_navigate,oscillation_self_loop,plan_compliance,repeated_view",12,0.016182
sphinx-doc__sphinx-9281,resolved,dwell_L_navigate,18,0.031831,resolved,dwell_L_navigate,18,0.031831,unresolved,"oscillation_self_loop,plan_compliance",11,0.013353
sphinx-doc__sphinx-9320,resolved,"oscillation_self_loop,plan_compliance",8,0.006415,resolved,"oscillation_self_loop,plan_compliance",8,0.006415,resolved,plan_compliance,13,0.011150
sphinx-doc__sphinx-9367,resolved,"oscillation_self_loop,plan_compliance",7,0.005786,resolved,"oscillation_self_loop,plan_compliance",7,0.005786,resolved,oscillation_self_loop,11,0.010265
sphinx-doc__sphinx-9461,unresolved,oscillation_self_loop,28,0.030937,unresolved,oscillation_self_loop,28,0.030937,unresolved,"dwell_L_navigate,dwell_V,oscillation_self_loop",41,0.088546
sphinx-doc__sphinx-9591,unresolved,"oscillation_self_loop,plan_compliance",20,0.023625,unresolved,"oscillation_self_loop,plan_compliance",20,0.023625,unresolved,"plan_compliance,repeated_view",24,0.039689
sphinx-doc__sphinx-9602,unresolved,dwell_L_navigate,20,0.031425,unresolved,dwell_L_navigate,20,0.031425,unresolved,"oscillation_self_loop,plan_compliance",10,0.009840
sphinx-doc__sphinx-9658,unresolved,"oscillation_self_loop,plan_compliance",8,0.007182,unresolved,"oscillation_self_loop,plan_compliance",8,0.007182,unresolved,"oscillation_self_loop,plan_compliance",10,0.009782
sphinx-doc__sphinx-9673,unresolved,"oscillation_self_loop,plan_compliance",9,0.010940,unresolved,"oscillation_self_loop,plan_compliance",9,0.010940,resolved,"dwell_V,oscillation_self_loop",18,0.020944
sphinx-doc__sphinx-9698,resolved,"oscillation_self_loop,plan_compliance",8,0.007732,resolved,"oscillation_self_loop,plan_compliance",8,0.007732,resolved,"oscillation_self_loop,plan_compliance",9,0.008790
sphinx-doc__sphinx-9711,resolved,"oscillation_self_loop,plan_compliance",9,0.008108,resolved,"oscillation_self_loop,plan_compliance",9,0.008108,resolved,dwell_V,17,0.021610
sympy__sympy-11618,resolved,oscillation_self_loop,13,0.011289,unresolved,oscillation_self_loop,13,0.011289,resolved,,14,0.013566
sympy__sympy-12096,unresolved,,0,0.000000,resolved,,0,0.000000,resolved,,10,0.010912
sympy__sympy-12419,unresolved,,38,0.099843,unresolved,,38,0.099843,unresolved,,29,0.060561
sympy__sympy-12481,unresolved,dwell_L_navigate,16,0.022798,unresolved,dwell_L_navigate,16,0.022798,resolved,"dwell_L_navigate,oscillation_self_loop,repeated_view",24,0.064124
sympy__sympy-12489,unresolved,plan_compliance,13,0.022035,unresolved,plan_compliance,13,0.022035,unresolved,"dwell_L_navigate,oscillation_self_loop,repeated_view",19,0.027588
sympy__sympy-13031,unresolved,dwell_L_navigate,15,0.024339,unresolved,dwell_L_navigate,15,0.024339,unresolved,dwell_L_navigate,17,0.021380
sympy__sympy-13091,unresolved,oscillation_self_loop,11,0.011145,unresolved,oscillation_self_loop,11,0.011145,unresolved,"oscillation_self_loop,plan_compliance",6,0.005110
sympy__sympy-13372,resolved,,16,0.015336,resolved,,16,0.015336,resolved,,11,0.008399
sympy__sympy-13480,resolved,,9,0.008899,resolved,,9,0.008899,resolved,,9,0.008787
sympy__sympy-13551,unresolved,,40,0.086270,unresolved,,40,0.086270,unresolved,,24,0.054501
sympy__sympy-13615,unresolved,"oscillation_self_loop,repeated_view",40,0.074528,unresolved,"oscillation_self_loop,repeated_view",40,0.074528,unresolved,,16,0.016356
sympy__sympy-13647,resolved,"dwell_L_navigate,oscillation_self_loop,repeated_view",19,0.045105,resolved,"dwell_L_navigate,oscillation_self_loop,repeated_view",19,0.045105,resolved,"dwell_L_navigate,oscillation_self_loop",26,0.071134
sympy__sympy-13757,unresolved,plan_compliance,10,0.013424,unresolved,plan_compliance,10,0.013424,unresolved,,34,0.073576
sympy__sympy-13798,unresolved,"oscillation_self_loop,plan_compliance,repeated_view",11,0.014004,unresolved,"oscillation_self_loop,plan_compliance,repeated_view",11,0.014004,unresolved,"oscillation_self_loop,plan_compliance",11,0.013256
sympy__sympy-13852,unresolved,"dwell_V,oscillation_self_loop,repeated_view",32,0.068725,unresolved,"dwell_V,oscillation_self_loop,repeated_view",32,0.068725,unresolved,,12,0.014297
sympy__sympy-13877,unresolved,,9,0.011557,unresolved,,9,0.011557,unresolved,,8,0.009981
sympy__sympy-13878,resolved,oscillation_self_loop,42,0.098761,unresolved,oscillation_self_loop,42,0.098761,unresolved,,20,0.029982
sympy__sympy-13974,unresolved,,10,0.011093,unresolved,,10,0.011093,unresolved,,19,0.030877
sympy__sympy-14248,unresolved,"oscillation_self_loop,repeated_view",35,0.061530,unresolved,"oscillation_self_loop,repeated_view",35,0.061530,unresolved,dwell_L_navigate,25,0.042083
sympy__sympy-14531,resolved,,18,0.027197,resolved,,18,0.027197,resolved,,28,0.030904
sympy__sympy-14711,unresolved,"oscillation_self_loop,plan_compliance",8,0.004755,resolved,"oscillation_self_loop,plan_compliance",8,0.004755,resolved,,11,0.006899
sympy__sympy-14976,unresolved,,12,0.011774,unresolved,,12,0.011774,unresolved,dwell_L_navigate,60,0.169172
sympy__sympy-15017,unresolved,repeated_view,15,0.015141,unresolved,repeated_view,15,0.015141,unresolved,"oscillation_self_loop,plan_compliance",7,0.006381
sympy__sympy-15345,unresolved,oscillation_self_loop,39,0.056969,unresolved,oscillation_self_loop,39,0.056969,unresolved,,20,0.026196
sympy__sympy-15349,unresolved,,15,0.012088,unresolved,,15,0.012088,unresolved,oscillation_self_loop,15,0.008954
sympy__sympy-15599,unresolved,oscillation_self_loop,7,0.004903,unresolved,oscillation_self_loop,7,0.004903,unresolved,,7,0.005244
sympy__sympy-15809,unresolved,,14,0.013854,unresolved,,14,0.013854,unresolved,"dwell_L_navigate,oscillation_self_loop",16,0.022900
sympy__sympy-15875,resolved,"oscillation_self_loop,plan_compliance",8,0.006546,unresolved,"oscillation_self_loop,plan_compliance",8,0.006546,unresolved,,13,0.014364
sympy__sympy-15976,unresolved,,12,0.011857,unresolved,,12,0.011857,unresolved,"oscillation_self_loop,repeated_view",14,0.013040
sympy__sympy-16450,resolved,dwell_L_navigate,22,0.032436,resolved,dwell_L_navigate,22,0.032436,resolved,,17,0.016812
sympy__sympy-16597,unresolved,"oscillation_self_loop,plan_compliance",8,0.009253,unresolved,"oscillation_self_loop,plan_compliance",8,0.009253,unresolved,oscillation_self_loop,13,0.015078
sympy__sympy-16766,resolved,,13,0.015304,resolved,,13,0.015304,resolved,,12,0.014297
sympy__sympy-16792,unresolved,repeated_view,43,0.096844,unresolved,repeated_view,43,0.096844,unresolved,"dwell_L_navigate,repeated_view",76,0.253141
sympy__sympy-16886,resolved,"oscillation_self_loop,plan_compliance",12,0.009482,resolved,"oscillation_self_loop,plan_compliance",12,0.009482,resolved,oscillation_self_loop,11,0.008602
sympy__sympy-17139,resolved,plan_compliance,13,0.015516,resolved,plan_compliance,13,0.015516,resolved,,12,0.012744
sympy__sympy-17318,unresolved,"dwell_L_navigate,oscillation_self_loop,repeated_view",21,0.020095,unresolved,"dwell_L_navigate,oscillation_self_loop,repeated_view",21,0.020095,unresolved,"oscillation_self_loop,plan_compliance",6,0.003858
sympy__sympy-17630,unresolved,,22,0.027028,unresolved,,22,0.027028,unresolved,repeated_view,14,0.019498
sympy__sympy-17655,resolved,,13,0.017923,resolved,,13,0.017923,resolved,,19,0.026301
sympy__sympy-18189,unresolved,"oscillation_self_loop,plan_compliance",10,0.014463,resolved,"oscillation_self_loop,plan_compliance",10,0.014463,unresolved,oscillation_self_loop,10,0.012229
sympy__sympy-18199,unresolved,"oscillation_self_loop,plan_compliance",8,0.006886,unresolved,"oscillation_self_loop,plan_compliance",8,0.006886,unresolved,plan_compliance,10,0.007235
sympy__sympy-18211,unresolved,plan_compliance,13,0.015291,unresolved,plan_compliance,13,0.015291,unresolved,oscillation_self_loop,13,0.015569
sympy__sympy-18698,unresolved,repeated_view,35,0.073509,unresolved,repeated_view,35,0.073509,unresolved,"plan_compliance,repeated_view",44,0.148749
sympy__sympy-18763,unresolved,,16,0.019892,resolved,,16,0.019892,unresolved,"oscillation_self_loop,plan_compliance",12,0.018058
sympy__sympy-19040,unresolved,dwell_L_navigate,27,0.038507,unresolved,dwell_L_navigate,27,0.038507,unresolved,"dwell_L_navigate,repeated_view",36,0.099572
sympy__sympy-19346,resolved,,15,0.017251,resolved,,15,0.017251,resolved,oscillation_self_loop,10,0.010222
sympy__sympy-19495,unresolved,,15,0.018129,unresolved,,15,0.018129,unresolved,"oscillation_self_loop,plan_compliance",7,0.006452
sympy__sympy-19637,resolved,,12,0.009250,resolved,,12,0.009250,resolved,oscillation_self_loop,10,0.003732
sympy__sympy-19783,unresolved,dwell_L_navigate,19,0.022544,unresolved,dwell_L_navigate,19,0.022544,unresolved,oscillation_self_loop,21,0.026925
sympy__sympy-19954,resolved,oscillation_self_loop,11,0.013421,resolved,oscillation_self_loop,11,0.013421,resolved,,9,0.010706
sympy__sympy-20154,unresolved,oscillation_self_loop,7,0.005257,resolved,oscillation_self_loop,7,0.005257,unresolved,plan_compliance,12,0.009798
sympy__sympy-20428,unresolved,,14,0.021429,unresolved,,14,0.021429,unresolved,"dwell_L_navigate,plan_compliance",19,0.035510
sympy__sympy-20438,unresolved,dwell_L_navigate,16,0.026395,unresolved,dwell_L_navigate,16,0.026395,unresolved,,15,0.022317
sympy__sympy-20590,unresolved,repeated_view,27,0.048703,unresolved,repeated_view,27,0.048703,unresolved,,22,0.041499
sympy__sympy-20801,unresolved,dwell_L_navigate,17,0.030855,unresolved,dwell_L_navigate,17,0.030855,unresolved,dwell_L_navigate,17,0.037086
sympy__sympy-20916,unresolved,"oscillation_self_loop,repeated_view",38,0.096442,unresolved,"oscillation_self_loop,repeated_view",38,0.096442,unresolved,"oscillation_self_loop,plan_compliance",10,0.011549
sympy__sympy-21379,unresolved,,22,0.039433,unresolved,,22,0.039433,unresolved,,32,0.069848
sympy__sympy-21596,unresolved,dwell_L_navigate,30,0.086223,unresolved,dwell_L_navigate,30,0.086223,unresolved,dwell_L_navigate,21,0.025776
sympy__sympy-21612,unresolved,oscillation_self_loop,26,0.058129,unresolved,oscillation_self_loop,26,0.058129,unresolved,repeated_view,48,0.224249
sympy__sympy-21847,resolved,dwell_L_navigate,22,0.031259,resolved,dwell_L_navigate,22,0.031259,unresolved,oscillation_self_loop,12,0.012234
sympy__sympy-21930,unresolved,oscillation_self_loop,12,0.014266,unresolved,oscillation_self_loop,12,0.014266,unresolved,plan_compliance,12,0.015464
sympy__sympy-22080,unresolved,,22,0.032649,unresolved,,22,0.032649,unresolved,repeated_view,72,0.221842
sympy__sympy-22456,unresolved,"dwell_L_navigate,oscillation_self_loop,plan_compliance,repeated_view",15,0.020238,resolved,"dwell_L_navigate,oscillation_self_loop,plan_compliance,repeated_view",15,0.020238,unresolved,"oscillation_self_loop,plan_compliance,repeated_view",17,0.033332
sympy__sympy-22714,resolved,,13,0.012882,resolved,,13,0.012882,resolved,oscillation_self_loop,10,0.010132
sympy__sympy-22914,resolved,,16,0.021176,resolved,,16,0.021176,resolved,,13,0.013421
sympy__sympy-23262,resolved,"dwell_L_navigate,repeated_view",32,0.083079,resolved,"dwell_L_navigate,repeated_view",32,0.083079,unresolved,"dwell_L_navigate,oscillation_self_loop",25,0.073958
sympy__sympy-23413,unresolved,,30,0.072402,unresolved,,30,0.072402,unresolved,oscillation_self_loop,29,0.044492
sympy__sympy-23534,resolved,,12,0.020697,resolved,,12,0.020697,resolved,,22,0.031823
sympy__sympy-23824,resolved,,13,0.014046,resolved,,13,0.014046,resolved,"dwell_V,oscillation_self_loop",22,0.032557
sympy__sympy-23950,resolved,,11,0.006814,resolved,,11,0.006814,unresolved,,13,0.007694
sympy__sympy-24066,resolved,,13,0.018088,resolved,,13,0.018088,unresolved,oscillation_self_loop,13,0.018695
sympy__sympy-24213,resolved,,11,0.009268,resolved,,11,0.009268,resolved,oscillation_self_loop,10,0.008169
sympy__sympy-24443,unresolved,"oscillation_self_loop,repeated_view",23,0.021014,resolved,"oscillation_self_loop,repeated_view",23,0.021014,resolved,,21,0.018384
sympy__sympy-24539,resolved,,10,0.003889,resolved,,10,0.003889,resolved,,4,0.001261
sympy__sympy-24562,unresolved,dwell_L_navigate,26,0.159435,unresolved,dwell_L_navigate,26,0.159435,resolved,,29,0.075238
sympy__sympy-24661,resolved,,18,0.021305,unresolved,,18,0.021305,unresolved,"oscillation_self_loop,plan_compliance",12,0.017061
